Date,Year,Month,Corridor,Rail_Vol_mt,Road_Vol_Est_mt,Market_Share_Pct,Avg_Delay_Hrs,Loco_Avail_Rate,Load_Shedding_Hrs,Fuel_Price_Diesel,Regional_GDP_Idx,Security_Incidents,Rainfall_mm
2015-01-01,2015,1,CAPE,1.0113,1.5075,40.2006,35.32,0.6175,0.0,10.5,100.0,24.0,57.2
2015-02-01,2015,2,CAPE,1.0196,1.5297,40.544,40.3,0.6188,8.26,10.89,100.4981,34.0,50.0
2015-03-01,2015,3,CAPE,1.075,1.4308,42.8422,36.94,0.619,0.03,11.02,100.9916,30.0,45.3
2015-04-01,2015,4,CAPE,1.0038,1.5038,39.8315,35.02,0.5919,7.77,10.68,101.4761,20.0,54.8
2015-05-01,2015,5,CAPE,1.0408,1.5952,39.5329,35.63,0.5817,0.0,10.98,101.9469,30.0,26.9
2015-06-01,2015,6,CAPE,1.0487,1.4823,41.6811,39.02,0.5913,0.0,11.47,102.4,26.0,33.8
2015-07-01,2015,7,CAPE,1.0632,1.5345,40.3789,35.47,0.6064,0.0,12.01,102.8311,25.0,40.8
2015-08-01,2015,8,CAPE,1.0243,1.5323,40.1558,34.05,0.5997,3.97,11.87,103.2365,22.0,32.8
2015-09-01,2015,9,CAPE,1.0484,1.5328,40.8751,35.35,0.5954,3.02,11.23,103.6126,23.0,50.2
2015-10-01,2015,10,CAPE,1.0372,1.4996,40.8,39.03,0.6045,0.0,11.02,103.9561,23.0,56.1
2015-11-01,2015,11,CAPE,1.0625,1.5163,41.5544,37.63,0.5803,0.0,10.85,104.2641,22.0,39.4
2015-12-01,2015,12,CAPE,1.1521,1.5211,43.3036,36.28,0.5995,18.18,10.92,104.5342,25.0,36.7
2016-01-01,2016,1,CAPE,1.0532,1.5172,41.6584,36.65,0.6112,0.0,11.14,104.7642,27.0,57.5
2016-02-01,2016,2,CAPE,1.0323,1.4369,41.5671,34.28,0.6045,4.75,11.33,104.9526,25.0,40.1
2016-03-01,2016,3,CAPE,1.0624,1.4096,43.2441,35.32,0.6062,0.0,11.05,105.0981,24.0,41.6
2016-04-01,2016,4,CAPE,1.0124,1.4161,41.3627,33.89,0.6171,5.92,10.77,105.2,25.0,37.0
2016-05-01,2016,5,CAPE,0.9941,1.4739,39.7629,35.03,0.5971,0.0,11.29,105.2581,22.0,55.8
2016-06-01,2016,6,CAPE,1.0399,1.513,40.0827,40.02,0.59,3.73,11.68,105.2726,27.0,44.3
2016-07-01,2016,7,CAPE,0.9751,1.4362,40.6098,32.81,0.6121,0.0,12.05,105.2442,28.0,50.8
2016-08-01,2016,8,CAPE,1.0615,1.5284,41.0451,34.04,0.6119,2.67,11.89,105.1742,29.0,52.5
2016-09-01,2016,9,CAPE,1.082,1.4643,42.34,32.42,0.6045,0.0,11.52,105.0641,29.0,36.7
2016-10-01,2016,10,CAPE,1.1567,1.4654,43.5462,31.76,0.596,0.0,11.37,104.9161,26.0,39.8
2016-11-01,2016,11,CAPE,1.0632,1.4507,42.0719,35.6,0.5979,3.57,11.21,104.7326,28.0,53.7
2016-12-01,2016,12,CAPE,1.0248,1.4042,42.1923,34.26,0.5826,0.0,11.04,104.5165,27.0,37.4
2017-01-01,2017,1,CAPE,1.0475,1.501,41.3567,41.33,0.6112,3.48,11.87,104.2711,26.0,51.9
2017-02-01,2017,2,CAPE,0.9412,1.5695,37.484,35.15,0.6107,0.61,12.34,104.0,21.0,56.8
2017-03-01,2017,3,CAPE,1.0787,1.4904,42.0678,39.77,0.5822,1.17,12.89,103.7069,23.0,46.1
2017-04-01,2017,4,CAPE,1.0238,1.4108,41.9318,38.81,0.6083,3.97,13.24,103.3961,25.0,50.1
2017-05-01,2017,5,CAPE,1.0158,1.5314,40.4384,35.3,0.6027,0.0,13.67,103.0716,25.0,52.3
2017-06-01,2017,6,CAPE,1.0478,1.424,42.0652,42.28,0.5857,0.0,14.12,102.7381,26.0,53.6
2017-07-01,2017,7,CAPE,1.0238,1.4444,41.2563,36.86,0.5834,0.0,13.95,102.4,23.0,38.5
2017-08-01,2017,8,CAPE,1.0103,1.4899,40.2518,40.64,0.6024,7.89,13.72,102.0619,25.0,26.9
2017-09-01,2017,9,CAPE,1.0289,1.5077,40.7355,40.34,0.5932,1.23,13.45,101.7284,25.0,38.7
2017-10-01,2017,10,CAPE,1.122,1.4579,43.1568,37.47,0.6196,0.0,13.89,101.4039,25.0,47.8
2017-11-01,2017,11,CAPE,1.0723,1.4925,41.8512,38.46,0.6092,4.48,14.23,101.0931,25.0,40.3
2017-12-01,2017,12,CAPE,1.0091,1.5388,39.6573,38.01,0.6035,4.61,14.56,100.8,28.0,50.4
2018-01-01,2018,1,CAPE,0.9882,1.5462,38.7703,32.6,0.6042,4.06,14.78,100.5289,25.0,37.2
2018-02-01,2018,2,CAPE,0.978,1.5654,38.5584,36.2,0.6127,0.0,15.23,100.2835,27.0,46.5
2018-03-01,2018,3,CAPE,1.0478,1.5962,39.308,39.32,0.6056,0.0,15.67,100.0674,25.0,31.5
2018-04-01,2018,4,CAPE,0.9715,1.5472,38.2128,40.72,0.6003,0.0,15.89,99.8839,23.0,50.4
2018-05-01,2018,5,CAPE,1.0388,1.5014,40.9276,34.06,0.5814,0.0,16.34,99.7359,26.0,43.5
2018-06-01,2018,6,CAPE,1.013,1.5506,38.9835,37.96,0.6286,4.5,17.12,99.6258,30.0,32.1
2018-07-01,2018,7,CAPE,0.9848,1.5332,38.4248,36.95,0.5775,2.26,17.45,99.5558,22.0,35.0
2018-08-01,2018,8,CAPE,1.0224,1.5351,40.1475,36.35,0.5856,4.22,17.23,99.5274,27.0,50.4
2018-09-01,2018,9,CAPE,1.0704,1.5201,41.6564,37.87,0.5684,8.99,17.67,99.5419,25.0,41.4
2018-10-01,2018,10,CAPE,0.9677,1.4705,39.5406,37.58,0.5935,5.68,17.34,99.6,27.0,32.5
2018-11-01,2018,11,CAPE,0.9589,1.4648,39.875,38.59,0.5877,0.1,16.89,99.7019,28.0,57.7
2018-12-01,2018,12,CAPE,0.9501,1.5063,39.001,41.33,0.5938,0.0,16.45,99.8474,24.0,49.2
2019-01-01,2019,1,CAPE,0.9679,1.5166,38.5904,39.5,0.5622,0.48,16.23,100.0358,29.0,57.4
2019-02-01,2019,2,CAPE,0.9656,1.478,39.0793,38.35,0.5944,10.21,15.98,100.2658,24.0,39.6
2019-03-01,2019,3,CAPE,0.9872,1.5267,39.4949,43.09,0.57,17.86,16.45,100.5359,27.0,41.2
2019-04-01,2019,4,CAPE,0.9681,1.6004,37.6947,40.56,0.5777,4.3,16.67,100.8439,27.0,55.4
2019-05-01,2019,5,CAPE,1.0656,1.4256,43.1149,37.29,0.5887,6.84,16.89,101.1874,25.0,42.8
2019-06-01,2018,6,CAPE,1.0304,1.5293,39.571,33.91,0.5799,2.74,17.23,101.5635,25.0,49.0
2019-07-01,2019,7,CAPE,1.0014,1.4981,39.6162,34.96,0.5789,12.06,17.45,101.9689,26.0,33.7
2019-08-01,2019,8,CAPE,1.1122,1.5195,42.266,40.64,0.584,11.81,17.12,102.4,30.0,40.2
2019-09-01,2019,9,CAPE,0.9566,1.4776,39.4317,36.34,0.5776,22.61,16.98,102.8531,25.0,29.3
2019-10-01,2019,10,CAPE,0.9299,1.4883,38.7243,35.15,0.5676,7.95,16.78,103.3239,22.0,32.1
2019-11-01,2019,11,CAPE,0.9358,1.4986,38.4955,36.24,0.5677,15.92,16.54,103.8084,25.0,25.2
2019-12-01,2019,12,CAPE,1.0507,1.4768,41.6224,36.08,0.5722,0.0,16.32,104.3019,25.0,26.5
2020-01-01,2020,1,CAPE,0.9975,1.4194,41.1475,40.8,0.5574,20.23,16.12,104.8,25.0,58.0
2020-02-01,2020,2,CAPE,1.0169,1.4754,41.3116,37.68,0.5793,0.0,16.34,105.2981,23.0,33.3
2020-03-01,2020,3,CAPE,1.0575,1.4196,42.3379,34.46,0.5684,23.07,14.56,105.7916,25.0,47.5
2020-04-01,2020,4,CAPE,0.9059,1.5391,37.1654,38.7,0.5647,13.24,13.89,100.0986,24.0,53.4
2020-05-01,2020,5,CAPE,1.055,1.4266,42.1951,39.07,0.5778,3.94,14.23,99.7469,26.0,43.7
2020-06-01,2020,6,CAPE,0.9959,1.552,39.259,37.3,0.5603,6.0,14.78,101.0225,26.0,30.3
2020-07-01,2020,7,CAPE,1.0023,1.5141,39.4982,42.43,0.5581,29.13,15.12,103.3854,30.0,49.7
2020-08-01,2020,8,CAPE,1.0488,1.5035,41.3292,37.73,0.5537,12.66,15.45,105.764,30.0,45.4
2020-09-01,2020,9,CAPE,1.0544,1.3781,43.3813,42.43,0.5624,11.13,15.67,107.4652,28.0,49.8
2020-10-01,2020,10,CAPE,1.03,1.4554,42.0003,40.86,0.5612,12.65,15.89,108.7561,31.0,51.1
2020-11-01,2020,11,CAPE,1.0559,1.5212,40.8821,41.83,0.5486,1.53,16.12,109.0641,28.0,58.0
2020-12-01,2020,12,CAPE,1.0918,1.4442,43.1867,36.18,0.552,15.7,15.98,109.3342,32.0,44.5
2021-01-01,2021,1,CAPE,1.1369,1.4178,44.2517,40.23,0.5437,27.56,16.23,109.5642,25.0,36.7
2021-02-01,2021,2,CAPE,1.1142,1.437,43.581,42.24,0.5344,87.89,16.56,109.7526,27.0,47.0
2021-03-01,2021,3,CAPE,1.0564,1.4621,41.9795,37.83,0.522,89.54,16.89,109.8981,30.0,27.5
2021-04-01,2021,4,CAPE,1.0492,1.4261,41.8975,45.1,0.5399,71.51,17.23,110.0,34.0,55.4
2021-05-01,2021,5,CAPE,1.026,1.5203,39.8392,38.68,0.5233,43.99,17.67,110.0581,28.0,29.2
2021-06-01,2021,6,CAPE,0.9987,1.4614,40.7875,38.82,0.5389,35.48,18.12,110.0726,29.0,36.2
2021-07-01,2021,7,CAPE,1.0374,1.4393,41.8398,37.71,0.536,37.63,18.45,110.0442,31.0,52.6
2021-08-01,2021,8,CAPE,1.0832,1.4059,43.3293,43.26,0.554,37.16,18.23,109.9742,33.0,45.3
2021-09-01,2021,9,CAPE,1.0244,1.4873,40.5497,37.49,0.5256,57.96,18.67,109.8641,33.0,38.4
2021-10-01,2021,10,CAPE,1.1052,1.4869,42.4127,44.46,0.5261,70.81,19.12,109.7161,37.0,41.1
2021-11-01,2021,11,CAPE,1.0061,1.4309,41.3208,45.65,0.5299,77.72,19.45,109.5326,32.0,53.9
2021-12-01,2021,12,CAPE,1.0582,1.3665,43.7862,43.16,0.5294,41.61,19.78,109.3165,35.0,36.6
2022-01-01,2022,1,CAPE,0.9931,1.4875,39.3643,49.36,0.5342,200.93,20.12,109.0711,35.0,54.4
2022-02-01,2022,2,CAPE,0.9587,1.4617,40.0611,50.22,0.5005,209.24,21.45,108.8,36.0,28.2
2022-03-01,2022,3,CAPE,1.0335,1.4867,41.4374,45.27,0.5077,220.81,22.78,108.5069,38.0,51.3
2022-04-01,2022,4,CAPE,0.9781,1.5615,37.7669,51.48,0.5178,192.29,23.12,108.1961,32.0,53.7
2022-05-01,2022,5,CAPE,0.9687,1.4731,40.0176,49.65,0.5116,298.66,22.89,107.8716,38.0,31.3
2022-06-01,2022,6,CAPE,0.9817,1.4526,40.6647,46.32,0.5091,169.29,22.45,107.5381,33.0,39.7
2022-07-01,2022,7,CAPE,0.9891,1.4254,40.9661,46.95,0.4853,215.68,21.98,107.2,36.0,30.8
2022-08-01,2022,8,CAPE,1.0739,1.4648,41.8871,51.71,0.4986,269.21,21.56,106.8619,32.0,48.9
2022-09-01,2022,9,CAPE,0.9754,1.4877,39.9256,45.5,0.5251,182.43,21.23,106.5284,35.0,43.2
2022-10-01,2022,10,CAPE,0.95,1.4843,38.9485,49.18,0.5054,233.2,20.89,106.2039,37.0,46.5
2022-11-01,2022,11,CAPE,1.0004,1.5614,39.2273,47.23,0.4977,294.46,20.56,105.8931,37.0,31.8
2022-12-01,2022,12,CAPE,0.9933,1.5072,40.4338,55.09,0.4787,304.6,20.23,105.6,30.0,32.3
2023-01-01,2023,1,CAPE,0.8646,1.4798,36.9613,46.95,0.4963,129.04,20.45,105.3289,36.0,26.6
2023-02-01,2023,2,CAPE,0.9788,1.455,39.9236,50.39,0.4899,291.67,20.78,105.0835,36.0,36.0
2023-03-01,2023,3,CAPE,1.024,1.5,40.4623,46.24,0.4822,209.61,21.12,104.8674,33.0,44.0
2023-04-01,2023,4,CAPE,0.9982,1.4477,40.558,47.64,0.5133,158.05,21.45,104.6839,37.0,54.0
2023-05-01,2023,5,CAPE,1.0482,1.4976,41.3122,45.25,0.4876,203.74,21.89,104.5359,43.0,47.6
2023-06-01,2023,6,CAPE,1.0213,1.512,40.0577,52.08,0.4832,301.48,22.23,104.4258,35.0,39.8
2023-07-01,2023,7,CAPE,1.0171,1.4805,40.5732,51.26,0.4719,199.65,21.98,104.3558,34.0,57.2
2023-08-01,2023,8,CAPE,0.9829,1.4618,39.7946,44.07,0.4927,178.74,21.67,104.3274,39.0,49.4
2023-09-01,2023,9,CAPE,1.0934,1.3913,43.9617,50.16,0.4743,238.59,21.34,104.3419,35.0,56.5
2023-10-01,2023,10,CAPE,0.9658,1.5419,38.5705,47.73,0.4665,180.42,21.12,104.4,37.0,42.9
2023-11-01,2023,11,CAPE,0.9986,1.5079,38.9813,43.19,0.5097,86.32,20.89,104.5019,39.0,33.9
2023-12-01,2023,12,CAPE,1.0032,1.5083,40.0272,44.31,0.5143,148.37,20.67,104.6474,43.0,27.0
2024-01-01,2024,1,CAPE,0.9793,1.4174,40.8474,46.67,0.5153,89.41,20.45,104.8358,40.0,49.6
2024-02-01,2024,2,CAPE,0.9648,1.5496,38.1257,43.31,0.5024,144.12,20.23,105.0658,36.0,29.3
2024-03-01,2024,3,CAPE,1.0172,1.4648,41.6332,39.95,0.4868,141.4,20.12,105.3359,39.0,35.4
2024-04-01,2024,4,CAPE,0.9698,1.4714,40.0335,46.48,0.5027,119.27,19.98,105.6439,42.0,43.1
2024-05-01,2024,5,CAPE,1.0383,1.4344,41.6379,40.36,0.5084,110.47,20.23,105.9874,42.0,44.2
2024-06-01,2024,6,CAPE,1.0094,1.4002,42.1595,45.8,0.4951,98.71,20.56,106.3635,39.0,45.4
2024-07-01,2024,7,CAPE,0.9931,1.5318,39.7314,47.49,0.479,90.56,20.89,106.7689,44.0,30.8
2024-08-01,2024,8,CAPE,1.0258,1.5357,40.0887,48.3,0.4773,162.01,21.12,107.2,40.0,38.0
2024-09-01,2024,9,CAPE,0.9713,1.4678,39.9383,49.19,0.504,154.09,20.78,107.6531,38.0,45.9
2024-10-01,2024,10,CAPE,1.0743,1.4424,42.795,52.72,0.4794,167.11,20.45,108.1239,39.0,57.8
2024-11-01,2024,11,CAPE,0.971,1.4539,39.3756,45.4,0.4518,60.28,20.23,108.6084,43.0,49.6
2024-12-01,2024,12,CAPE,1.0799,1.4529,42.5768,46.43,0.4638,145.98,20.12,109.1019,43.0,56.2
2015-01-01,2015,1,IRON_ORE,5.0728,0.2315,95.8257,19.6,0.8849,0.0,10.5,100.0,14.0,20.8
2015-02-01,2015,2,IRON_ORE,5.1715,0.2527,95.1516,12.59,0.9108,0.0,10.89,100.4981,17.0,13.6
2015-03-01,2015,3,IRON_ORE,5.2163,0.2352,95.6432,14.99,0.88,0.0,11.02,100.9916,10.0,10.8
2015-04-01,2015,4,IRON_ORE,4.9254,0.2449,95.286,8.6,0.901,5.42,10.68,101.4761,10.0,17.0
2015-05-01,2015,5,IRON_ORE,5.2506,0.2401,95.147,6.82,0.9162,7.82,10.98,101.9469,12.0,16.5
2015-06-01,2015,6,IRON_ORE,5.2198,0.2312,95.5096,16.54,0.9072,11.79,11.47,102.4,12.0,16.0
2015-07-01,2015,7,IRON_ORE,5.4182,0.2379,96.226,14.0,0.9283,5.58,12.01,102.8311,14.0,16.0
2015-08-01,2015,8,IRON_ORE,4.907,0.2433,95.5593,17.6,0.9171,8.87,11.87,103.2365,11.0,14.3
2015-09-01,2015,9,IRON_ORE,5.1835,0.236,95.6245,9.94,0.897,0.0,11.23,103.6126,12.0,19.0
2015-10-01,2015,10,IRON_ORE,4.8142,0.2457,95.2212,15.63,0.9051,0.0,11.02,103.9561,12.0,12.2
2015-11-01,2015,11,IRON_ORE,5.2287,0.2443,95.4424,19.64,0.9044,5.56,10.85,104.2641,17.0,14.4
2015-12-01,2015,12,IRON_ORE,5.2905,0.2434,96.0366,15.33,0.8858,4.58,10.92,104.5342,12.0,15.5
2016-01-01,2016,1,IRON_ORE,5.4673,0.2333,95.844,14.88,0.8935,2.48,11.14,104.7642,10.0,17.0
2016-02-01,2016,2,IRON_ORE,4.9975,0.2287,95.6989,14.03,0.8982,3.11,11.33,104.9526,13.0,18.4
2016-03-01,2016,3,IRON_ORE,5.0508,0.2319,95.9767,9.28,0.8805,2.67,11.05,105.0981,10.0,13.7
2016-04-01,2016,4,IRON_ORE,5.0272,0.2377,95.237,18.06,0.9055,8.44,10.77,105.2,11.0,16.8
2016-05-01,2016,5,IRON_ORE,4.6631,0.2401,95.6011,12.17,0.9019,8.71,11.29,105.2581,10.0,10.8
2016-06-01,2016,6,IRON_ORE,5.122,0.2206,95.3817,15.53,0.8848,4.58,11.68,105.2726,16.0,20.2
2016-07-01,2016,7,IRON_ORE,4.6803,0.2362,95.7179,9.34,0.9097,6.23,12.05,105.2442,8.0,13.6
2016-08-01,2016,8,IRON_ORE,5.1132,0.2374,95.4436,10.5,0.9135,4.0,11.89,105.1742,11.0,17.8
2016-09-01,2016,9,IRON_ORE,4.892,0.2344,95.3507,18.37,0.9076,0.0,11.52,105.0641,10.0,9.2
2016-10-01,2016,10,IRON_ORE,5.2916,0.2458,94.957,13.0,0.901,5.2,11.37,104.9161,14.0,11.5
2016-11-01,2016,11,IRON_ORE,5.3819,0.2396,95.5918,18.41,0.912,0.0,11.21,104.7326,7.0,14.8
2016-12-01,2016,12,IRON_ORE,5.1512,0.2462,95.1061,13.81,0.913,-7.37,11.04,104.5165,11.0,19.5
2017-01-01,2017,1,IRON_ORE,5.1008,0.2354,95.3947,8.51,0.9085,0.0,11.87,104.2711,10.0,15.3
2017-02-01,2017,2,IRON_ORE,4.8569,0.2439,95.175,16.71,0.8949,3.47,12.34,104.0,11.0,20.2
2017-03-01,2017,3,IRON_ORE,5.1197,0.2491,95.6667,12.23,0.9082,0.0,12.89,103.7069,9.0,14.8
2017-04-01,2017,4,IRON_ORE,5.2253,0.247,95.5528,16.1,0.9192,4.62,13.24,103.3961,10.5,14.9
2017-05-01,2017,5,IRON_ORE,4.7406,0.2299,95.4727,14.09,0.8977,1.23,13.67,103.0716,12.0,16.75
2017-06-01,2017,6,IRON_ORE,5.2692,0.2362,95.3591,9.37,0.9301,0.0,14.12,102.7381,10.0,18.6
2017-07-01,2017,7,IRON_ORE,4.7652,0.2358,95.0033,14.53,0.8985,3.98,13.95,102.4,11.0,12.0
2017-08-01,2017,8,IRON_ORE,4.9383,0.242,95.9033,20.62,0.9053,0.0,13.72,102.0619,10.0,19.8
2017-09-01,2017,9,IRON_ORE,5.0665,0.2437,95.1755,15.52,0.8969,5.82,13.45,101.7284,18.0,19.9
2017-10-01,2017,10,IRON_ORE,5.3796,0.2329,96.3794,13.91,0.9074,2.05,13.89,101.4039,13.0,20.3
2017-11-01,2017,11,IRON_ORE,5.0633,0.2397,95.4021,17.3,0.8839,4.44,14.23,101.0931,11.0,15.2
2017-12-01,2017,12,IRON_ORE,4.8796,0.2249,95.5952,14.69,0.8982,0.0,14.56,100.8,12.0,17.1
2018-01-01,2018,1,IRON_ORE,4.8409,0.25,95.4318,14.65,0.8918,0.0,14.78,100.5289,12.0,18.3
2018-02-01,2018,2,IRON_ORE,4.929,0.2361,95.8358,10.81,0.9054,0.0,15.23,100.2835,16.0,10.6
2018-03-01,2018,3,IRON_ORE,5.0647,0.2404,95.4339,14.88,0.9143,6.73,15.67,100.0674,14.0,16.2
2018-04-01,2018,4,IRON_ORE,4.8059,0.2379,95.1599,17.35,0.909,11.24,15.89,99.8839,15.0,9.4
2018-05-01,2018,5,IRON_ORE,4.9136,0.2484,95.1693,11.8,0.8717,0.0,16.34,99.7359,13.0,15.0
2018-06-01,2018,6,IRON_ORE,4.9976,0.2198,95.8946,18.69,0.9234,7.73,17.12,99.6258,9.0,10.9
2018-07-01,2018,7,IRON_ORE,4.951,0.2402,95.6582,14.22,0.9013,0.0,17.45,99.5558,10.0,11.2
2018-08-01,2018,8,IRON_ORE,4.9898,0.2396,95.42,11.96,0.8871,0.0,17.23,99.5274,12.0,13.4
2018-09-01,2018,9,IRON_ORE,5.3502,0.2371,95.9551,17.68,0.8972,0.0,17.67,99.5419,10.0,14.2
2018-10-01,2018,10,IRON_ORE,4.7298,0.2527,95.4522,13.93,0.8961,0.0,17.34,99.6,14.0,16.5
2018-11-01,2018,11,IRON_ORE,4.6998,0.2338,95.3826,17.13,0.8849,0.0,16.89,99.7019,14.0,9.9
2018-12-01,2018,12,IRON_ORE,4.9467,0.2457,95.3684,14.05,0.894,3.79,16.45,99.8474,11.0,15.0
2019-01-01,2019,1,IRON_ORE,4.8178,0.2425,94.721,14.9,0.8827,3.49,16.23,100.0358,12.0,11.2
2019-02-01,2019,2,IRON_ORE,4.9494,0.2489,94.3702,16.81,0.8832,14.06,15.98,100.2658,16.0,15.9
2019-03-01,2019,3,IRON_ORE,4.9322,0.2348,95.5799,16.3,0.8784,17.03,16.45,100.5359,12.0,16.6
2019-04-01,2019,4,IRON_ORE,4.8154,0.2341,95.3333,9.3,0.8693,6.06,16.67,100.8439,12.0,15.7
2019-05-01,2019,5,IRON_ORE,5.2517,0.247,95.3427,12.17,0.8863,14.73,16.89,101.1874,16.0,17.9
2019-06-01,2019,6,IRON_ORE,5.2163,0.2419,95.6454,18.32,0.8908,6.72,17.23,101.5635,9.0,13.0
2019-07-01,2019,7,IRON_ORE,5.1331,0.2275,95.7375,15.37,0.8881,5.35,17.45,101.9689,10.0,18.2
2019-08-01,2019,8,IRON_ORE,5.023,0.2344,95.9026,14.13,0.8913,12.82,17.12,102.4,13.0,14.2
2019-09-01,2019,9,IRON_ORE,4.7773,0.2407,95.2303,11.89,0.8834,9.52,16.98,102.8531,12.0,14.8
2019-10-01,2019,10,IRON_ORE,4.525,0.2436,94.6518,12.71,0.8723,3.57,16.78,103.3239,17.0,16.8
2019-11-01,2019,11,IRON_ORE,4.7275,0.2324,95.6319,10.14,0.8868,15.13,16.54,103.8084,9.0,9.2
2019-12-01,2019,12,IRON_ORE,5.3136,0.2159,96.0256,15.71,0.8604,0.53,16.32,104.3019,12.0,16.8
2020-01-01,2020,1,IRON_ORE,5.1696,0.2403,95.7264,14.35,0.8644,6.09,16.12,104.8,8.0,16.4
2020-02-01,2020,2,IRON_ORE,5.0028,0.2274,95.4994,13.23,0.8628,7.76,16.34,105.2981,7.0,13.2
2020-03-01,2020,3,IRON_ORE,5.0696,0.2213,95.6093,16.27,0.8849,18.13,14.56,105.7916,17.0,10.0
2020-04-01,2020,4,IRON_ORE,4.6694,0.2195,95.5365,17.62,0.8821,10.05,13.89,100.0986,10.0,10.1
2020-05-01,2020,5,IRON_ORE,5.1618,0.246,95.4543,22.69,0.8764,4.61,14.23,99.7469,12.0,20.1
2020-06-01,2020,6,IRON_ORE,5.0124,0.2402,95.5808,12.1,0.8816,19.11,14.78,101.0225,15.0,17.3
2020-07-01,2020,7,IRON_ORE,4.7794,0.2359,95.2097,20.26,0.8567,17.65,15.12,103.3854,12.0,10.5
2020-08-01,2020,8,IRON_ORE,5.1539,0.2459,94.8594,19.71,0.8707,23.78,15.45,105.764,14.0,13.3
2020-09-01,2020,9,IRON_ORE,5.2532,0.2392,95.5061,14.53,0.8638,18.08,15.67,107.4652,14.0,16.1
2020-10-01,2020,10,IRON_ORE,5.0894,0.2453,95.6552,17.47,0.8747,14.2,15.89,108.7561,13.0,19.0
2020-11-01,2020,11,IRON_ORE,5.12,0.2234,95.7232,15.51,0.8622,0.0,16.12,109.0641,15.0,9.5
2020-12-01,2020,12,IRON_ORE,5.522,0.233,95.872,17.78,0.8565,20.27,15.98,109.3342,15.0,11.8
2021-01-01,2021,1,IRON_ORE,5.3085,0.2215,96.3107,22.11,0.8651,26.91,16.23,109.5642,16.0,19.7
2021-02-01,2021,2,IRON_ORE,5.3067,0.2313,95.5951,21.12,0.8604,87.65,16.56,109.7526,13.0,9.1
2021-03-01,2021,3,IRON_ORE,5.188,0.2311,95.2421,20.67,0.8417,83.35,16.89,109.8981,16.0,11.4
2021-04-01,2021,4,IRON_ORE,5.0685,0.2373,95.476,17.69,0.8489,78.5,17.23,110.0,19.0,20.5
2021-05-01,2021,5,IRON_ORE,5.0499,0.2331,95.433,14.1,0.838,56.31,17.67,110.0581,20.0,16.4
2021-06-01,2021,6,IRON_ORE,5.1124,0.2372,95.2562,17.61,0.8214,32.01,18.12,110.0726,16.0,12.1
2021-07-01,2021,7,IRON_ORE,4.9816,0.2378,95.3872,21.92,0.8528,40.59,18.45,110.0442,18.0,9.8
2021-08-01,2021,8,IRON_ORE,5.2491,0.2483,95.64,13.97,0.8557,38.69,18.23,109.9742,15.0,9.3
2021-09-01,2021,9,IRON_ORE,5.0968,0.2306,95.6679,16.01,0.848,64.15,18.67,109.8641,19.0,11.9
2021-10-01,2021,10,IRON_ORE,5.3179,0.2262,96.0177,19.92,0.8189,72.27,19.12,109.7161,15.0,19.6
2021-11-01,2021,11,IRON_ORE,5.1857,0.2349,96.2466,16.57,0.8373,69.08,19.45,109.5326,23.0,14.0
2021-12-01,2021,12,IRON_ORE,4.9917,0.2275,95.5311,16.55,0.8167,49.13,19.78,109.3165,22.0,17.6
2022-01-01,2022,1,IRON_ORE,5.0339,0.2441,95.4635,21.51,0.8412,186.12,20.12,109.0711,19.0,20.0
2022-02-01,2022,2,IRON_ORE,4.8826,0.2316,95.308,19.2,0.8081,224.6,21.45,108.8,19.0,13.9
2022-03-01,2022,3,IRON_ORE,4.9807,0.2298,95.3188,20.52,0.8343,207.93,22.78,108.5069,16.0,11.3
2022-04-01,2022,4,IRON_ORE,5.0633,0.2307,95.4549,24.93,0.8322,191.38,23.12,108.1961,21.0,15.2
2022-05-01,2022,5,IRON_ORE,4.7422,0.2395,95.0391,21.47,0.7972,296.35,22.89,107.8716,15.0,19.9
2022-06-01,2022,6,IRON_ORE,4.7817,0.2334,95.4604,17.55,0.8071,179.51,22.45,107.5381,20.0,18.7
2022-07-01,2022,7,IRON_ORE,4.9867,0.2302,96.3392,21.38,0.8196,210.62,21.98,107.2,23.0,9.8
2022-08-01,2022,8,IRON_ORE,5.2174,0.247,95.2499,26.96,0.7973,268.18,21.56,106.8619,21.0,17.3
2022-09-01,2022,9,IRON_ORE,4.8147,0.2291,95.3238,22.05,0.8171,188.73,21.23,106.5284,26.0,15.9
2022-10-01,2022,10,IRON_ORE,4.951,0.2358,95.4339,22.5,0.8033,232.81,20.89,106.2039,16.0,19.9
2022-11-01,2022,11,IRON_ORE,5.0189,0.2405,95.5548,25.34,0.7805,293.61,20.56,105.8931,23.0,10.5
2022-12-01,2022,12,IRON_ORE,4.8439,0.2242,95.6602,20.44,0.7717,308.81,20.23,105.6,18.0,15.4
2023-01-01,2023,1,IRON_ORE,4.4597,0.2396,95.3118,22.73,0.82,138.49,20.45,105.3289,26.0,19.6
2023-02-01,2023,2,IRON_ORE,4.9117,0.2287,94.7737,26.67,0.7899,293.1,20.78,105.0835,23.0,13.9
2023-03-01,2023,3,IRON_ORE,4.8443,0.2424,94.4705,21.89,0.7997,206.1,21.12,104.8674,21.0,14.8
2023-04-01,2023,4,IRON_ORE,5.0095,0.2297,95.4572,24.85,0.8193,155.07,21.45,104.6839,23.0,9.8
2023-05-01,2023,5,IRON_ORE,5.0743,0.2417,95.8041,19.56,0.8188,193.53,21.89,104.5359,24.0,12.3
2023-06-01,2023,6,IRON_ORE,4.7907,0.2448,94.638,29.2,0.7872,312.42,22.23,104.4258,23.0,12.9
2023-07-01,2023,7,IRON_ORE,4.8437,0.2431,94.2591,23.61,0.7974,203.46,21.98,104.3558,25.0,20.3
2023-08-01,2023,8,IRON_ORE,4.7671,0.2387,95.4144,21.25,0.8104,175.79,21.67,104.3274,25.0,12.4
2023-09-01,2023,9,IRON_ORE,5.2941,0.2352,95.8241,23.89,0.7793,230.18,21.34,104.3419,23.0,14.5
2023-10-01,2023,10,IRON_ORE,4.8542,0.2327,95.077,22.09,0.804,187.53,21.12,104.4,22.0,17.1
2023-11-01,2023,11,IRON_ORE,5.1476,0.2474,95.0998,23.87,0.8168,86.72,20.89,104.5019,24.0,10.9
2023-12-01,2023,12,IRON_ORE,4.6942,0.2316,94.9876,18.58,0.8098,155.57,20.67,104.6474,26.0,14.8
2024-01-01,2024,1,IRON_ORE,5.1207,0.2291,95.7538,17.67,0.7855,88.22,20.45,104.8358,26.0,17.9
2024-02-01,2024,2,IRON_ORE,4.8914,0.2411,95.1013,24.46,0.792,134.47,20.23,105.0658,25.0,19.4
2024-03-01,2024,3,IRON_ORE,4.9827,0.2304,95.738,19.82,0.7883,153.04,20.12,105.3359,27.0,16.5
2024-04-01,2024,4,IRON_ORE,4.895,0.2291,94.6156,23.76,0.8013,119.57,19.98,105.6439,24.0,17.0
2024-05-01,2024,5,IRON_ORE,5.0951,0.2253,95.4913,25.75,0.8065,119.84,20.23,105.9874,31.0,10.5
2024-06-01,2024,6,IRON_ORE,4.8628,0.2319,95.0871,19.26,0.80035,103.59,20.56,106.3635,26.0,20.3
2024-07-01,2024,7,IRON_ORE,4.7724,0.2345,95.2338,22.32,0.7942,91.9,20.89,106.7689,30.0,10.6
2024-08-01,2024,8,IRON_ORE,5.1953,0.2366,95.4726,18.74,0.7843,167.72,21.12,107.2,25.0,18.3
2024-09-01,2024,9,IRON_ORE,4.9806,0.2413,95.6337,24.15,0.8043,161.76,20.78,107.6531,28.0,12.2
2024-10-01,2024,10,IRON_ORE,5.2305,0.2379,95.0538,22.93,0.7909,170.53,20.45,108.1239,27.0,20.2
2024-11-01,2024,11,IRON_ORE,4.9119,0.2324,95.4964,20.97,0.8139,62.35,20.23,108.6084,27.0,17.6
2024-12-01,2024,12,IRON_ORE,5.0494,0.232,95.7855,19.61,0.7919,142.86,20.12,109.1019,32.0,18.0
2015-01-01,2015,1,NATCOR,0.9518,3.7695,20.298,45.13,0.6268,0.0,10.5,100.0,56.0,143.0
2015-02-01,2015,2,NATCOR,0.8702,3.7112,19.0613,46.64,0.6097,0.0,10.89,100.4981,54.0,121.3
2015-03-01,2015,3,NATCOR,0.9626,3.5195,21.5637,46.64,0.6346,0.0,11.02,100.9916,60.0,107.5
2015-04-01,2015,4,NATCOR,0.9326,3.5992,20.1698,50.58,0.6376,0.0,10.68,101.4761,55.0,59.7
2015-05-01,2015,5,NATCOR,0.9164,3.7615,19.2435,45.56,0.6241,10.54,10.98,101.9469,61.0,70.3
2015-06-01,2015,6,NATCOR,0.9081,3.6392,20.3072,46.76,0.6488,6.75,11.47,102.4,61.0,122.9
2015-07-01,2015,7,NATCOR,0.9026,3.873,18.887,47.85,0.6152,0.0,12.01,102.8311,60.0,78.5
2015-08-01,2015,8,NATCOR,0.9751,3.6576,21.2658,46.76,0.6122,15.41,11.87,103.2365,66.0,129.2
2015-09-01,2015,9,NATCOR,0.9909,3.6315,21.4455,44.92,0.6325,7.34,11.23,103.6126,58.0,101.2
2015-10-01,2015,10,NATCOR,0.972,3.5728,21.3963,46.88,0.6424,0.0,11.02,103.9561,64.0,90.2
2015-11-01,2015,11,NATCOR,0.9881,3.6179,21.7523,49.43,0.6502,0.0,10.85,104.2641,56.0,148.6
2015-12-01,2015,12,NATCOR,1.013,3.5837,21.8733,43.13,0.6242,15.82,10.92,104.5342,61.0,143.8
2016-01-01,2016,1,NATCOR,0.9838,3.6754,21.1465,46.49,0.6427,0.0,11.14,104.7642,58.0,162.2
2016-02-01,2016,2,NATCOR,0.9639,3.7005,20.517,43.83,0.6294,0.0,11.33,104.9526,62.0,126.0
2016-03-01,2016,3,NATCOR,0.9814,3.5081,21.7209,49.43,0.6278,6.87,11.05,105.0981,58.0,131.3
2016-04-01,2016,4,NATCOR,0.9674,3.4473,21.8139,41.24,0.6405,15.38,10.77,105.2,61.0,125.0
2016-05-01,2016,5,NATCOR,0.8863,3.3914,20.7894,44.18,0.6377,9.25,11.29,105.2581,60.0,128.9
2016-06-01,2016,6,NATCOR,0.9219,3.6479,20.0201,47.08,0.6109,4.7,11.68,105.2726,63.0,124.8
2016-07-01,2016,7,NATCOR,0.9158,3.4718,21.2737,50.75,0.6476,4.73,12.05,105.2442,56.0,88.9
2016-08-01,2016,8,NATCOR,0.9658,3.3576,22.0527,45.96,0.6465,6.04,11.89,105.1742,57.0,116.3
2016-09-01,2016,9,NATCOR,0.9606,3.6371,20.8326,44.59,0.6223,6.02,11.52,105.0641,59.0,93.2
2016-10-01,2016,10,NATCOR,1.0554,3.8692,21.2911,51.9,0.6347,2.35,11.37,104.9161,62.0,94.8
2016-11-01,2016,11,NATCOR,0.9523,3.5975,21.3936,41.89,0.6358,1.55,11.21,104.7326,56.0,120.1
2016-12-01,2016,12,NATCOR,0.9686,3.6924,20.8436,39.56,0.633,0.67,11.04,104.5165,57.0,149.4
2017-01-01,2017,1,NATCOR,1.0035,3.6122,22.0705,47.38,0.6233,0.0,11.87,104.2711,58.0,118.6
2017-02-01,2017,2,NATCOR,0.8674,3.5954,18.9608,44.47,0.6217,0.08,12.34,104.0,61.0,129.7
2017-03-01,2017,3,NATCOR,0.9687,3.71,20.7894,42.78,0.6296,0.0,12.89,103.7069,58.0,169.5
2017-04-01,2017,4,NATCOR,0.949,3.581,21.2337,47.97,0.6439,0.71,13.24,103.3961,59.0,72.7
2017-05-01,2017,5,NATCOR,0.9135,3.6456,20.0631,46.61,0.6364,0.0,13.67,103.0716,60.0,62.4
2017-06-01,2017,6,NATCOR,0.9821,3.6552,21.5192,44.22,0.6255,0.0,14.12,102.7381,58.0,62.2
2017-07-01,2017,7,NATCOR,0.9425,3.5506,20.8115,42.23,0.6391,2.54,13.95,102.4,58.0,128.5
2017-08-01,2017,8,NATCOR,0.9487,3.7361,20.7024,48.76,0.5957,9.07,13.72,102.0619,59.0,95.5
2017-09-01,2017,9,NATCOR,0.9446,3.6119,21.4661,48.17,0.6437,6.05,13.45,101.7284,62.0,88.1
2017-10-01,2017,10,NATCOR,0.9859,3.5519,21.6108,46.02,0.6089,0.0,13.89,101.4039,63.0,118.6
2017-11-01,2017,11,NATCOR,0.9025,3.6968,19.4808,51.83,0.6254,0.0,14.23,101.0931,59.0,168.0
2017-12-01,2017,12,NATCOR,0.9514,3.5429,21.6335,42.98,0.6164,7.44,14.56,100.8,62.0,129.7
2018-01-01,2018,1,NATCOR,0.8785,3.6473,19.9166,41.47,0.6144,0.0,14.78,100.5289,56.0,157.2
2018-02-01,2018,2,NATCOR,0.9294,3.6459,20.146,43.92,0.6427,0.0,15.23,100.2835,61.0,163.1
2018-03-01,2018,3,NATCOR,0.8989,3.7682,19.1267,45.91,0.6218,4.89,15.67,100.0674,60.0,154.3
2018-04-01,2018,4,NATCOR,0.9205,3.7033,19.8173,46.8,0.6304,0.0,15.89,99.8839,60.0,68.5
2018-05-01,2018,5,NATCOR,0.9179,3.6502,19.6644,45.43,0.6246,1.26,16.34,99.7359,58.0,123.6
2018-06-01,2018,6,NATCOR,0.8889,3.7436,18.8948,47.41,0.6296,0.0,17.12,99.6258,60.0,98.0
2018-07-01,2018,7,NATCOR,0.9127,3.8071,19.0168,42.75,0.6237,0.0,17.45,99.5558,63.0,78.5
2018-08-01,2018,8,NATCOR,0.9284,3.7163,19.7424,51.09,0.606,3.89,17.23,99.5274,58.0,89.3
2018-09-01,2018,9,NATCOR,0.9437,3.6561,20.504,46.63,0.6323,0.0,17.67,99.5419,61.0,59.9
2018-10-01,2018,10,NATCOR,0.9123,3.5107,20.7019,50.37,0.6131,4.19,17.34,99.6,58.0,66.7
2018-11-01,2018,11,NATCOR,0.8977,3.5366,20.7413,48.06,0.5992,0.84,16.89,99.7019,55.0,162.7
2018-12-01,2018,12,NATCOR,0.8718,3.6182,19.0963,48.42,0.6115,4.62,16.45,99.8474,60.0,104.5
2019-01-01,2019,1,NATCOR,0.8791,3.5829,20.0163,48.89,0.633,6.11,16.23,100.0358,55.0,136.2
2019-02-01,2019,2,NATCOR,0.9162,3.6266,20.0989,48.83,0.6232,19.97,15.98,100.2658,58.0,144.2
2019-03-01,2019,3,NATCOR,0.939,3.6503,20.4438,49.46,0.6075,13.64,16.45,100.5359,66.0,108.7
2019-04-01,2019,4,NATCOR,0.832,3.6988,18.5785,51.18,0.6073,1.89,16.67,100.8439,61.0,131.0
2019-05-01,2019,5,NATCOR,0.9082,3.6293,19.657,48.19,0.6057,11.51,16.89,101.1874,56.0,74.2
2019-06-01,2019,6,NATCOR,0.977,3.6862,21.0736,49.71,0.6337,10.4,17.23,101.5635,58.0,80.1
2019-07-01,2019,7,NATCOR,0.9324,3.6355,20.4656,47.76,0.6115,12.77,17.45,101.9689,54.0,80.1
2019-08-01,2019,8,NATCOR,0.9816,3.4074,22.5228,52.26,0.6116,6.72,17.12,102.4,54.0,74.5
2019-09-01,2019,9,NATCOR,0.8922,3.5159,20.3324,46.38,0.6168,8.85,16.98,102.8531,59.0,57.1
2019-10-01,2019,10,NATCOR,0.8856,3.5978,20.539,53.74,0.6066,5.2,16.78,103.3239,60.0,112.4
2019-11-01,2019,11,NATCOR,0.8484,3.4758,19.4156,48.59,0.5986,7.78,16.54,103.8084,59.0,178.0
2019-12-01,2019,12,NATCOR,0.9659,3.6686,20.6718,43.94,0.5993,16.5,16.32,104.3019,55.0,121.5
2020-01-01,2020,1,NATCOR,0.9596,3.7651,20.1115,48.71,0.5993,1.14,16.12,104.8,57.0,154.9
2020-02-01,2020,2,NATCOR,0.9088,3.7254,19.4324,46.11,0.5989,1.54,16.34,105.2981,58.0,160.9
2020-03-01,2020,3,NATCOR,0.9555,3.5632,20.9415,51.17,0.6056,11.73,14.56,105.7916,58.0,169.0
2020-04-01,2020,4,NATCOR,0.8012,3.8122,17.748,46.71,0.5964,20.81,13.89,100.0986,55.0,89.1
2020-05-01,2020,5,NATCOR,0.9911,3.6691,21.7223,47.06,0.6043,5.77,14.23,99.7469,57.0,80.0
2020-06-01,2020,6,NATCOR,0.9041,3.6019,19.8816,43.14,0.5927,20.15,14.78,101.0225,65.0,81.7
2020-07-01,2020,7,NATCOR,0.9197,3.5458,20.3288,47.73,0.5932,10.63,15.12,103.3854,63.0,111.2
2020-08-01,2020,8,NATCOR,0.9805,3.5538,21.7747,41.85,0.5675,13.0,15.45,105.764,57.0,119.1
2020-09-01,2020,9,NATCOR,1.0021,3.5258,21.9556,44.52,0.6013,5.99,15.67,107.4652,61.0,70.8
2020-10-01,2020,10,NATCOR,0.9884,3.5728,21.8728,51.49,0.5937,20.2,15.89,108.7561,59.0,85.2
2020-11-01,2020,11,NATCOR,0.8866,3.5683,19.9671,51.52,0.6005,0.0,16.12,109.0641,58.0,173.0
2020-12-01,2020,12,NATCOR,0.9464,3.5481,20.5719,50.93,0.5514,17.55,15.98,109.3342,59.0,165.8
2021-01-01,2021,1,NATCOR,1.0132,3.5931,22.4911,47.26,0.6087,31.03,16.23,109.5642,66.0,179.3
2021-02-01,2021,2,NATCOR,1.0079,3.6736,22.1034,52.99,0.5983499999999999,93.44,16.56,109.7526,63.0,161.8
2021-03-01,2021,3,NATCOR,1.0276,3.6456,21.7926,52.71,0.588,81.23,16.89,109.8981,62.0,134.4
2021-04-01,2021,4,NATCOR,0.9208,3.3779,21.297,48.85,0.5622,72.05,17.23,110.0,66.0,101.9
2021-05-01,2021,5,NATCOR,0.9236,3.2602,22.1674,56.03,0.5831,53.57,17.67,110.0581,65.0,107.2
2021-06-01,2021,6,NATCOR,0.9332,3.642,20.5033,53.56,0.5638,36.4,18.12,110.0726,67.0,63.0
2021-07-01,2021,7,NATCOR,0.9424,3.3903,21.962,50.4,0.5679,41.92,18.45,110.0442,69.0,98.4
2021-08-01,2021,8,NATCOR,0.9613,3.5162,22.1122,51.63,0.5964,55.78,18.23,109.9742,65.0,110.9
2021-09-01,2021,9,NATCOR,0.8681,3.4139,20.2169,53.29,0.5675,59.5,18.67,109.8641,64.0,69.7
2021-10-01,2021,10,NATCOR,0.9743,3.3463,22.2952,47.18,0.5699,65.87,19.12,109.7161,62.0,116.3
2021-11-01,2021,11,NATCOR,0.9176,3.6049,19.8474,52.44,0.577,69.86,19.45,109.5326,65.0,148.9
2021-12-01,2021,12,NATCOR,0.9503,3.6311,20.5086,49.92,0.5743,60.01,19.78,109.3165,66.0,176.9
2022-01-01,2022,1,NATCOR,0.8781,3.4875,20.1039,55.85,0.5516,187.54,20.12,109.0711,64.0,107.7
2022-02-01,2022,2,NATCOR,0.9307,3.2699,22.7302,58.87,0.5505,222.76,21.45,108.8,65.0,124.7
2022-03-01,2022,3,NATCOR,0.9665,3.497,21.4885,65.3,0.5731,228.92,22.78,108.5069,65.0,150.2
2022-04-01,2022,4,NATCOR,0.6353,4.612,12.1788,82.68,0.5452,191.64,23.12,108.1961,69.0,79.5
2022-05-01,2022,5,NATCOR,0.5951,4.3262,12.0867,82.46,0.5354,297.55,22.89,107.8716,69.0,111.3
2022-06-01,2022,6,NATCOR,0.6302,4.5335,12.584,79.2,0.5583,185.77,22.45,107.5381,65.0,114.7
2022-07-01,2022,7,NATCOR,0.6443,4.4829,13.3755,82.31,0.5536,208.95,21.98,107.2,64.0,64.8
2022-08-01,2022,8,NATCOR,0.7196,4.5418,13.5062,82.63,0.5467,267.3,21.56,106.8619,64.0,96.1
2022-09-01,2022,9,NATCOR,0.7182,4.4572,13.7211,75.23,0.5486,182.78,21.23,106.5284,64.0,95.7
2022-10-01,2022,10,NATCOR,0.6463,4.2884,13.4305,74.45,0.5203,228.1,20.89,106.2039,69.0,85.1
2022-11-01,2022,11,NATCOR,0.7105,4.56,13.6986,79.96,0.5464,281.36,20.56,105.8931,68.0,175.4
2022-12-01,2022,12,NATCOR,0.6835,4.3579,14.1491,79.0,0.5097,296.43,20.23,105.6,72.0,167.4
2023-01-01,2023,1,NATCOR,0.6314,4.3557,12.8476,71.58,0.546,133.46,20.45,105.3289,69.0,157.5
2023-02-01,2023,2,NATCOR,0.7469,4.2165,14.9328,77.73,0.5126,294.28,20.78,105.0835,74.0,158.8
2023-03-01,2023,3,NATCOR,0.7035,4.2624,14.3563,73.85,0.5305,207.98,21.12,104.8674,72.0,139.6
2023-04-01,2023,4,NATCOR,0.7829,4.1859,16.1105,66.06,0.5399,147.54,21.45,104.6839,66.0,127.0
2023-05-01,2023,5,NATCOR,0.8038,4.2603,16.1354,73.04,0.5336,201.55,21.89,104.5359,66.0,109.8
2023-06-01,2023,6,NATCOR,0.7649,4.486,14.7297,74.38,0.5206,315.26,22.23,104.4258,68.0,112.4
2023-07-01,2023,7,NATCOR,0.7521,4.0684,15.9433,74.7,0.5458,194.72,21.98,104.3558,73.0,122.5
2023-08-01,2023,8,NATCOR,0.7397,4.0195,15.9162,64.35,0.5348,174.1,21.67,104.3274,68.0,77.8
2023-09-01,2023,9,NATCOR,0.8548,4.3963,16.7199,74.27,0.5176,243.96,21.34,104.3419,68.0,118.3
2023-10-01,2023,10,NATCOR,0.7394,4.1629,15.2906,66.43,0.5379,169.96,21.12,104.4,74.0,71.8
2023-11-01,2023,11,NATCOR,0.7607,4.086,15.6421,59.41,0.5494,102.14,20.89,104.5019,70.0,130.7
2023-12-01,2023,12,NATCOR,0.775,4.2835,15.3668,62.34,0.5119,156.77,20.67,104.6474,75.0,130.0
2024-01-01,2024,1,NATCOR,0.7914,4.0573,16.7083,59.01,0.5409,79.24,20.45,104.8358,76.0,178.9
2024-02-01,2024,2,NATCOR,0.8004,4.3436,15.2983,63.33,0.5346,137.56,20.23,105.0658,70.0,169.6
2024-03-01,2024,3,NATCOR,0.7837,4.1806,15.9049,63.67,0.5202,151.28,20.12,105.3359,74.0,157.8
2024-04-01,2024,4,NATCOR,0.7603,4.0165,15.7907,59.04,0.5416,127.4,19.98,105.6439,72.0,112.3
2024-05-01,2024,5,NATCOR,0.8198,4.326,15.9399,59.67,0.5239,114.36,20.23,105.9874,75.0,99.7
2024-06-01,2024,6,NATCOR,0.8155,3.965,17.468,65.61,0.5269,97.99,20.56,106.3635,77.0,129.0
2024-07-01,2024,7,NATCOR,0.817,4.1127,16.6337,63.83,0.5231,96.5,20.89,106.7689,80.0,94.7
2024-08-01,2024,8,NATCOR,0.8635,4.0396,17.6261,63.3,0.5154,161.03,21.12,107.2,71.0,85.9
2024-09-01,2024,9,NATCOR,0.8544,4.1438,16.6586,61.35,0.5024,156.24,20.78,107.6531,75.0,69.4
2024-10-01,2024,10,NATCOR,0.9136,4.1569,18.2569,62.21,0.495,168.62,20.45,108.1239,73.0,116.8
2024-11-01,2024,11,NATCOR,0.7691,3.9525,16.4962,58.4,0.5429,62.43,20.23,108.6084,79.0,160.3
2024-12-01,2024,12,NATCOR,0.8691,3.8396,19.1492,56.85,0.5033,151.6,20.12,109.1019,76.0,133.7
2015-01-01,2015,1,NE_CORRIDOR,0.4103,0.8879,31.3583,40.89,0.6302,7.5,10.5,100.0,12.0,119.8
2015-02-01,2015,2,NE_CORRIDOR,0.4285,0.8989,32.7365,45.82,0.6406,3.35,10.89,100.4981,10.0,195.7
2015-03-01,2015,3,NE_CORRIDOR,0.4255,0.8853,32.1742,46.78,0.6519,0.0,11.02,100.9916,12.0,127.5
2015-04-01,2015,4,NE_CORRIDOR,0.4251,0.8957,31.2128,45.29,0.6686,1.22,10.68,101.4761,8.0,122.5
2015-05-01,2015,5,NE_CORRIDOR,0.4045,0.8949,31.2938,51.02,0.6366,0.0,10.98,101.9469,13.0,68.7
2015-06-01,2015,6,NE_CORRIDOR,0.4093,0.8658,31.535,50.87,0.6585,4.82,11.47,102.4,11.0,72.1
2015-07-01,2015,7,NE_CORRIDOR,0.411,0.8864,31.4022,52.8,0.6576,1.69,12.01,102.8311,14.0,105.7
2015-08-01,2015,8,NE_CORRIDOR,0.4143,0.8254,33.2578,47.31,0.6748,0.75,11.87,103.2365,11.0,102.0
2015-09-01,2015,9,NE_CORRIDOR,0.4127,0.8603,31.965,50.78,0.6617,5.96,11.23,103.6126,8.0,142.9
2015-10-01,2015,10,NE_CORRIDOR,0.4251,0.8563,33.0149,48.19,0.6624,1.85,11.02,103.9561,12.0,142.4
2015-11-01,2015,11,NE_CORRIDOR,0.4375,0.9092,32.0402,47.82,0.6633,4.1,10.85,104.2641,12.0,181.0
2015-12-01,2015,12,NE_CORRIDOR,0.4408,0.8769,33.5055,45.77,0.6437,7.85,10.92,104.5342,12.0,166.1
2016-01-01,2016,1,NE_CORRIDOR,0.4226,0.8322,33.2851,40.27,0.6479,0.0,11.14,104.7642,8.0,153.7
2016-02-01,2016,2,NE_CORRIDOR,0.4123,0.8826,31.8502,48.84,0.6683,0.0,11.33,104.9526,13.0,145.4
2016-03-01,2016,3,NE_CORRIDOR,0.4433,0.8906,33.6071,50.31,0.6303,0.0,11.05,105.0981,13.0,195.1
2016-04-01,2016,4,NE_CORRIDOR,0.4133,0.8639,32.6084,42.24,0.6467,1.47,10.77,105.2,12.0,113.6
2016-05-01,2016,5,NE_CORRIDOR,0.3991,0.8843,31.0693,46.82,0.6389,3.65,11.29,105.2581,11.0,111.6
2016-06-01,2016,6,NE_CORRIDOR,0.4021,0.8002,33.1271,49.92,0.6577,0.0,11.68,105.2726,11.0,82.5
2016-07-01,2016,7,NE_CORRIDOR,0.4237,0.7949,34.8194,45.96,0.6498,9.68,12.05,105.2442,13.0,66.9
2016-08-01,2016,8,NE_CORRIDOR,0.4224,0.8352,33.3671,50.71,0.6624,0.0,11.89,105.1742,13.0,142.4
2016-09-01,2016,9,NE_CORRIDOR,0.4379,0.8706,33.5334,46.81,0.6535,0.0,11.52,105.0641,6.0,89.4
2016-10-01,2016,10,NE_CORRIDOR,0.4505,0.9075,32.6261,45.65,0.6364,9.63,11.37,104.9161,17.0,100.2
2016-11-01,2016,11,NE_CORRIDOR,0.4284,0.8378,34.0925,50.96,0.6369,0.0,11.21,104.7326,14.0,125.1
2016-12-01,2016,12,NE_CORRIDOR,0.4204,0.8455,33.217,44.34,0.6548,6.83,11.04,104.5165,11.0,185.8
2017-01-01,2017,1,NE_CORRIDOR,0.425,0.8711,33.4967,44.87,0.6456,5.53,11.87,104.2711,11.0,117.8
2017-02-01,2017,2,NE_CORRIDOR,0.3905,0.8564,31.735,44.27,0.6484,3.68,12.34,104.0,11.0,185.6
2017-03-01,2017,3,NE_CORRIDOR,0.4124,0.8557,32.7019,43.42,0.6662,0.0,12.89,103.7069,12.0,127.3
2017-04-01,2017,4,NE_CORRIDOR,0.4165,0.8599,32.5926,47.3,0.664,4.32,13.24,103.3961,15.0,137.5
2017-05-01,2017,5,NE_CORRIDOR,0.422,0.9066,31.5292,45.33,0.6764,7.72,13.67,103.0716,16.0,124.3
2017-06-01,2017,6,NE_CORRIDOR,0.4339,0.9022,32.7744,48.38,0.6511,0.0,14.12,102.7381,14.0,76.8
2017-07-01,2017,7,NE_CORRIDOR,0.4361,0.8743,33.2072,41.85,0.6471,7.32,13.95,102.4,10.0,110.5
2017-08-01,2017,8,NE_CORRIDOR,0.4036,0.9182,30.9081,43.76,0.6599,6.3,13.72,102.0619,10.0,89.3
2017-09-01,2017,9,NE_CORRIDOR,0.4107,0.8889,31.733,47.35,0.6482,2.29,13.45,101.7284,8.0,78.0
2017-10-01,2017,10,NE_CORRIDOR,0.4321,0.9068,32.4035,51.68,0.6484,0.0,13.89,101.4039,9.0,135.2
2017-11-01,2017,11,NE_CORRIDOR,0.412,0.8544,32.7258,48.38,0.6523,7.68,14.23,101.0931,6.0,149.4
2017-12-01,2017,12,NE_CORRIDOR,0.4162,0.8606,32.3042,45.4,0.6746,4.85,14.56,100.8,12.0,149.0
2018-01-01,2018,1,NE_CORRIDOR,0.4046,0.8611,31.6398,42.56,0.6633,0.0,14.78,100.5289,16.0,129.8
2018-02-01,2018,2,NE_CORRIDOR,0.3919,0.877,30.5456,45.05,0.6634,0.0,15.23,100.2835,10.0,147.7
2018-03-01,2018,3,NE_CORRIDOR,0.419,0.8814,32.5572,46.91,0.6717,6.5,15.67,100.0674,10.0,188.7
2018-04-01,2018,4,NE_CORRIDOR,0.3989,0.8889,30.6719,40.0,0.6621,1.86,15.89,99.8839,14.0,93.5
2018-05-01,2018,5,NE_CORRIDOR,0.4145,0.9328,30.5027,43.52,0.6365,7.15,16.34,99.7359,9.0,142.9
2018-06-01,2018,6,NE_CORRIDOR,0.4155,0.9,31.7583,45.13,0.6595,0.0,17.12,99.6258,12.0,142.5
2018-07-01,2018,7,NE_CORRIDOR,0.408,0.8676,31.9025,46.72,0.6599,0.0,17.45,99.5558,16.0,75.2
2018-08-01,2018,8,NE_CORRIDOR,0.4225,0.8812,32.286,47.57,0.6542,-15.13,17.23,99.5274,14.0,77.9
2018-09-01,2018,9,NE_CORRIDOR,0.419,0.9209,31.1221,46.02,0.643,0.0,17.67,99.5419,14.0,135.5
2018-10-01,2018,10,NE_CORRIDOR,0.3843,0.9017,29.1395,49.5,0.6506,0.0,17.34,99.6,11.0,96.0
2018-11-01,2018,11,NE_CORRIDOR,0.4208,0.9202,31.0697,48.39,0.6426,2.63,16.89,99.7019,15.0,115.9
2018-12-01,2018,12,NE_CORRIDOR,0.417,0.8677,32.8375,46.92,0.6299,7.23,16.45,99.8474,15.0,138.5
2019-01-01,2019,1,NE_CORRIDOR,0.4059,0.8611,31.8628,50.05,0.6313,8.65,16.23,100.0358,18.0,165.7
2019-02-01,2019,2,NE_CORRIDOR,0.4098,0.8609,31.6435,50.02,0.6465,25.65,15.98,100.2658,7.0,182.6
2019-03-01,2019,3,NE_CORRIDOR,0.4105,0.868,31.7885,44.02,0.6258,12.18,16.45,100.5359,9.0,126.7
2019-04-01,2019,4,NE_CORRIDOR,0.3891,0.8497,31.5222,48.05,0.6267,0.0,16.67,100.8439,8.0,72.3
2019-05-01,2019,5,NE_CORRIDOR,0.4281,0.8847,32.7198,51.14,0.63105,9.46,16.89,101.1874,11.0,140.5
2019-06-01,2019,6,NE_CORRIDOR,0.4223,0.8841,32.2331,51.67,0.6354,5.22,17.23,101.5635,13.0,126.1
2019-07-01,2019,7,NE_CORRIDOR,0.4299,0.9101,31.8595,49.98,0.6389,12.07,17.45,101.9689,10.0,112.5
2019-08-01,2019,8,NE_CORRIDOR,0.4318,0.8272,33.8467,48.14,0.6167,0.58,17.12,102.4,10.0,127.6
2019-09-01,2019,9,NE_CORRIDOR,0.3972,0.8475,32.0279,50.49,0.6361,17.76,16.98,102.8531,6.0,99.0
2019-10-01,2019,10,NE_CORRIDOR,0.3908,0.8925,30.7211,51.62,0.6208,11.41,16.78,103.3239,13.0,126.7
2019-11-01,2019,11,NE_CORRIDOR,0.3839,0.8748,30.9107,49.84,0.6145,8.61,16.54,103.8084,12.0,146.7
2019-12-01,2019,12,NE_CORRIDOR,0.436,0.8698,33.0347,49.83,0.6206,11.81,16.32,104.3019,11.0,136.0
2020-01-01,2020,1,NE_CORRIDOR,0.408,0.9007,31.6131,48.46,0.6415,3.73,16.12,104.8,12.0,176.7
2020-02-01,2020,2,NE_CORRIDOR,0.405,0.8394,32.5264,45.08,0.62,0.0,16.34,105.2981,10.0,150.8
2020-03-01,2020,3,NE_CORRIDOR,0.4315,0.8455,33.7979,48.92,0.6483,16.56,14.56,105.7916,10.0,197.9
2020-04-01,2020,4,NE_CORRIDOR,0.3741,0.8574,30.6645,47.44,0.596,4.89,13.89,100.0986,13.0,92.4
2020-05-01,2020,5,NE_CORRIDOR,0.4336,0.8275,34.2079,47.29,0.602,11.08,14.23,99.7469,10.0,140.4
2020-06-01,2020,6,NE_CORRIDOR,0.38,0.8808,29.4461,53.95,0.6346,0.0,14.78,101.0225,10.0,141.4
2020-07-01,2020,7,NE_CORRIDOR,0.4229,0.8573,33.2587,52.75,0.6362,8.49,15.12,103.3854,12.0,83.3
2020-08-01,2020,8,NE_CORRIDOR,0.4094,0.8454,32.738,44.89,0.6061,20.78,15.45,105.764,16.0,130.1
2020-09-01,2020,9,NE_CORRIDOR,0.4156,0.8362,33.0833,46.86,0.6161,6.88,15.67,107.4652,13.0,99.4
2020-10-01,2020,10,NE_CORRIDOR,0.432,0.8564,33.7288,49.0,0.6231,4.26,15.89,108.7561,16.0,140.1
2020-11-01,2020,11,NE_CORRIDOR,0.4161,0.835,33.5255,48.16,0.6108,13.08,16.12,109.0641,14.0,153.3
2020-12-01,2020,12,NE_CORRIDOR,0.4374,0.8612,33.1969,51.39,0.613,10.93,15.98,109.3342,16.0,178.0
2021-01-01,2021,1,NE_CORRIDOR,0.43610000000000004,0.8669,33.2367,47.07,0.6087,31.8,16.23,109.5642,12.0,154.7
2021-02-01,2021,2,NE_CORRIDOR,0.4348,0.8465,33.205,55.81,0.5821,98.01,16.56,109.7526,14.0,134.6
2021-03-01,2021,3,NE_CORRIDOR,0.4339,0.8443,33.9059,52.52,0.5956,85.22,16.89,109.8981,14.0,132.2
2021-04-01,2021,4,NE_CORRIDOR,0.4037,0.8585,31.8639,51.36,0.5998,64.16,17.23,110.0,14.0,98.7
2021-05-01,2021,5,NE_CORRIDOR,0.4154,0.8527,32.9159,51.78,0.602,49.68,17.67,110.0581,10.0,126.5
2021-06-01,2021,6,NE_CORRIDOR,0.4292,0.8885,32.2272,50.19,0.5806,53.57,18.12,110.0726,19.0,113.8
2021-07-01,2021,7,NE_CORRIDOR,0.4183,0.8619,32.5379,45.49,0.6094,33.19,18.45,110.0442,15.0,120.8
2021-08-01,2021,8,NE_CORRIDOR,0.4495,0.8826,32.7151,52.02,0.6,60.43,18.23,109.9742,14.0,86.7
2021-09-01,2021,9,NE_CORRIDOR,0.3926,0.8701,31.2706,51.87,0.5821,73.1,18.67,109.8641,20.0,103.4
2021-10-01,2021,10,NE_CORRIDOR,0.4533,0.8195,35.5861,50.45,0.6139,77.21,19.12,109.7161,11.0,66.7
2021-11-01,2021,11,NE_CORRIDOR,0.4227,0.8401,33.4993,56.54,0.5874,72.18,19.45,109.5326,16.0,184.2
2021-12-01,2021,12,NE_CORRIDOR,0.3997,0.8541,31.3994,54.38,0.59,41.75,19.78,109.3165,18.0,198.7
2022-01-01,2022,1,NE_CORRIDOR,0.4239,0.879,32.6622,64.63,0.5825,191.82,20.12,109.0711,18.0,149.7
2022-02-01,2022,2,NE_CORRIDOR,0.3892,0.9077,30.538,60.42,0.5938,208.8,21.45,108.8,22.0,116.4
2022-03-01,2022,3,NE_CORRIDOR,0.4332,0.8448,33.8368,56.11,0.5774,218.48,22.78,108.5069,16.0,129.8
2022-04-01,2022,4,NE_CORRIDOR,0.4142,0.8598,32.7167,54.48,0.5808,186.79,23.12,108.1961,24.0,117.8
2022-05-01,2022,5,NE_CORRIDOR,0.3996,0.8803,30.9414,59.1,0.546,285.64,22.89,107.8716,22.0,114.4
2022-06-01,2022,6,NE_CORRIDOR,0.4044,0.8586,31.9934,54.66,0.5717,183.81,22.45,107.5381,23.0,129.2
2022-07-01,2022,7,NE_CORRIDOR,0.4147,0.9044,30.9484,58.28,0.559,-201.55,21.98,107.2,16.0,84.3
2022-08-01,2022,8,NE_CORRIDOR,0.4258,0.8263,34.2578,55.39,0.5659,273.84,21.56,106.8619,26.0,127.1
2022-09-01,2022,9,NE_CORRIDOR,0.4114,0.8807,31.8914,59.23,0.5755,174.9,21.23,106.5284,16.0,120.8
2022-10-01,2022,10,NE_CORRIDOR,0.3951,0.8813,30.5671,59.22,0.5786,237.97,20.89,106.2039,24.0,90.1
2022-11-01,2022,11,NE_CORRIDOR,0.4064,0.8949,30.976,62.24,0.5259,284.01,20.56,105.8931,18.0,161.3
2022-12-01,2022,12,NE_CORRIDOR,0.4005,0.8669,31.6233,57.76,0.5409,311.7,20.23,105.6,19.0,127.9
2023-01-01,2023,1,NE_CORRIDOR,0.3748,0.8895,29.9413,56.05,0.5829,131.26,20.45,105.3289,25.0,153.5
2023-02-01,2023,2,NE_CORRIDOR,0.4227,0.86,33.4275,64.72,0.5298,286.84,20.78,105.0835,23.0,189.5
2023-03-01,2023,3,NE_CORRIDOR,0.3964,0.846,31.8615,55.04,0.566,205.45,21.12,104.8674,24.0,150.9
2023-04-01,2023,4,NE_CORRIDOR,0.422,0.8426,32.9335,53.24,0.5746,157.83,21.45,104.6839,23.0,133.5
2023-05-01,2023,5,NE_CORRIDOR,0.4166,0.83,33.4972,59.52,0.5544,198.77,21.89,104.5359,23.0,112.6
2023-06-01,2023,6,NE_CORRIDOR,0.4055,0.8567,32.6988,58.3,0.5234,313.71,22.23,104.4258,26.0,79.1
2023-07-01,2023,7,NE_CORRIDOR,0.432,0.8767,32.4906,57.1,0.55,203.3,21.98,104.3558,22.0,111.8
2023-08-01,2023,8,NE_CORRIDOR,0.3946,0.8631,31.0677,61.15,0.5719,164.28,21.67,104.3274,25.0,105.5
2023-09-01,2023,9,NE_CORRIDOR,0.4388,0.8738,33.6243,56.37,0.564,230.6,21.34,104.3419,23.0,96.5
2023-10-01,2023,10,NE_CORRIDOR,0.4097,0.901,31.3067,61.64,0.5538,174.13,21.12,104.4,32.0,73.0
2023-11-01,2023,11,NE_CORRIDOR,0.4176,0.8545,32.6554,53.09,0.5484,88.95,20.89,104.5019,23.0,150.5
2023-12-01,2023,12,NE_CORRIDOR,0.4069,0.9295,30.5193,52.77,0.5725,168.7,20.67,104.6474,29.0,121.6
2024-01-01,2024,1,NE_CORRIDOR,0.4137,0.8872,32.1159,55.44,0.5686,91.0,20.45,104.8358,22.0,123.8
2024-02-01,2024,2,NE_CORRIDOR,0.3906,0.8614,31.1643,55.69,0.5402,142.01,20.23,105.0658,24.0,150.4
2024-03-01,2024,3,NE_CORRIDOR,0.4068,0.8601,32.0507,55.67,0.5529,150.61,20.12,105.3359,29.0,141.2
2024-04-01,2024,4,NE_CORRIDOR,0.3954,0.8385,32.2322,52.59,0.5536,128.74,19.98,105.6439,26.0,140.7
2024-05-01,2024,5,NE_CORRIDOR,0.4119,0.8635,32.2101,54.69,0.5431,112.96,20.23,105.9874,29.0,94.6
2024-06-01,2024,6,NE_CORRIDOR,0.383,0.8061,32.5716,48.0,0.5546,104.49,20.56,106.3635,24.0,126.7
2024-07-01,2024,7,NE_CORRIDOR,0.4068,0.8953,31.8892,54.69,0.5634,95.72,20.89,106.7689,28.0,107.5
2024-08-01,2024,8,NE_CORRIDOR,0.3889,0.7866,32.7943,60.54,0.5367,156.96,21.12,107.2,26.0,122.1
2024-09-01,2024,9,NE_CORRIDOR,0.4065,0.8609,31.6732,51.0,0.555,154.69,20.78,107.6531,24.0,84.8
2024-10-01,2024,10,NE_CORRIDOR,0.4142,0.8284,33.451,55.68,0.5163,172.6,20.45,108.1239,28.0,142.1
2024-11-01,2024,11,NE_CORRIDOR,0.3903,0.8388,31.3466,50.62,0.5754,62.35,20.23,108.6084,24.0,160.0
2024-12-01,2024,12,NE_CORRIDOR,0.4298,0.8409,33.4073,51.26,0.5391,140.85,20.12,109.1019,24.0,185.3
2015-01-01,2015,1,NORTHCOR,5.4741,9.9092,35.1864,31.08,0.6596,0.0,10.5,100.0,21.0,199.8
2015-02-01,2015,2,NORTHCOR,5.2892,9.931,34.7428,34.67,0.6785,0.0,10.89,100.4981,24.0,155.6
2015-03-01,2015,3,NORTHCOR,5.9187,9.8864,36.7216,38.89,0.6538,0.0,11.02,100.9916,23.0,205.6
2015-04-01,2015,4,NORTHCOR,5.6782,9.6377,37.007,36.75,0.6856,6.74,10.68,101.4761,25.0,102.6
2015-05-01,2015,5,NORTHCOR,5.5899,9.8913,35.8188,31.74,0.6639,3.46,10.98,101.9469,21.0,118.9
2015-06-01,2015,6,NORTHCOR,5.6025,10.1429,35.6904,34.51,0.6596,0.0,11.47,102.4,15.0,128.5
2015-07-01,2015,7,NORTHCOR,5.5481,9.3565,36.694,35.59,0.6547,0.0,12.01,102.8311,23.0,149.7
2015-08-01,2015,8,NORTHCOR,5.7503,9.4579,37.6468,31.07,0.6648,0.0,11.87,103.2365,23.0,87.5
2015-09-01,2015,9,NORTHCOR,5.4649,9.7018,36.3417,38.3,0.6489,7.15,11.23,103.6126,23.0,131.7
2015-10-01,2015,10,NORTHCOR,5.5517,9.3732,36.9811,35.5,0.6652,9.26,11.02,103.9561,23.0,111.8
2015-11-01,2015,11,NORTHCOR,5.9601,9.1444,38.8496,31.96,0.6851,0.0,10.85,104.2641,21.0,144.6
2015-12-01,2015,12,NORTHCOR,6.1325,9.9881,38.1238,31.8,0.6695,7.03,10.92,104.5342,19.0,189.3
2016-01-01,2016,1,NORTHCOR,6.0976,9.0047,40.1877,39.37,0.6577,0.0,11.14,104.7642,16.0,169.6
2016-02-01,2016,2,NORTHCOR,5.4841,9.5361,36.4521,34.82,0.6746,0.0,11.33,104.9526,23.0,179.2
2016-03-01,2016,3,NORTHCOR,6.0646,9.8732,37.8182,39.49,0.6736,0.93,11.05,105.0981,20.0,149.4
2016-04-01,2016,4,NORTHCOR,5.7834,9.7255,37.9227,40.61,0.6954,11.64,10.77,105.2,21.0,108.4
2016-05-01,2016,5,NORTHCOR,5.137,9.5316,34.5218,38.99,0.6814,0.0,11.29,105.2581,18.0,120.3
2016-06-01,2016,6,NORTHCOR,5.5082,9.3223,38.0475,34.38,0.6755,6.33,11.68,105.2726,23.0,101.6
2016-07-01,2016,7,NORTHCOR,5.3893,9.7469,35.4803,28.55,0.6827,0.0,12.05,105.2442,22.0,83.5
2016-08-01,2016,8,NORTHCOR,5.5398,9.3573,36.8366,37.04,0.6703,0.0,11.89,105.1742,24.0,150.6
2016-09-01,2016,9,NORTHCOR,5.6903,9.7293,36.719,42.44,0.6709,1.64,11.52,105.0641,23.0,111.0
2016-10-01,2016,10,NORTHCOR,6.1274,9.6969,38.5243,36.05,0.6918,0.79,11.37,104.9161,23.0,130.6
2016-11-01,2016,11,NORTHCOR,5.713,9.7053,36.8023,30.18,0.6523,0.0,11.21,104.7326,16.0,157.2
2016-12-01,2016,12,NORTHCOR,5.6939,9.479,37.7191,34.08,0.6835,8.01,11.04,104.5165,20.0,152.3
2017-01-01,2017,1,NORTHCOR,5.8598,10.2727,35.8716,35.49,0.6705,0.0,11.87,104.2711,21.0,156.8
2017-02-01,2017,2,NORTHCOR,5.2861,9.7877,35.1846,32.71,0.6683,0.88,12.34,104.0,21.0,157.0
2017-03-01,2017,3,NORTHCOR,5.5949,9.6091,36.0998,28.22,0.6653,8.73,12.89,103.7069,23.0,168.9
2017-04-01,2017,4,NORTHCOR,5.8598,9.7779,37.5597,35.62,0.6737,14.55,13.24,103.3961,20.0,113.8
2017-05-01,2017,5,NORTHCOR,5.1522,9.482,35.4783,33.59,0.6713,0.0,13.67,103.0716,20.0,109.7
2017-06-01,2017,6,NORTHCOR,5.8105,9.6059,37.2825,41.27,0.667,0.0,14.12,102.7381,24.0,77.9
2017-07-01,2017,7,NORTHCOR,5.8516,10.4327,36.1511,36.36,0.6634,9.2,13.95,102.4,24.0,109.7
2017-08-01,2017,8,NORTHCOR,5.4601,9.5138,36.4805,37.5,0.6491,5.91,13.72,102.0619,26.0,80.9
2017-09-01,2017,9,NORTHCOR,5.5903,9.7263,37.0099,35.77,0.6633,0.0,13.45,101.7284,22.0,77.1
2017-10-01,2017,10,NORTHCOR,6.0584,9.6246,38.3568,36.49,0.6656,0.0,13.89,101.4039,19.0,148.1
2017-11-01,2017,11,NORTHCOR,5.6082,9.4622,38.1144,31.23,0.6736,0.0,14.23,101.0931,22.0,174.2
2017-12-01,2017,12,NORTHCOR,5.6838,9.9003,35.7068,33.01,0.6953,0.0,14.56,100.8,22.0,179.0
2018-01-01,2018,1,NORTHCOR,5.4492,9.7952,35.64,39.3,0.6645,2.84,14.78,100.5289,22.0,156.4
2018-02-01,2018,2,NORTHCOR,5.0271,10.0595,32.7781,36.67,0.6584,0.0,15.23,100.2835,28.0,201.0
2018-03-01,2018,3,NORTHCOR,5.7871,10.0363,37.1654,34.91,0.6608,0.0,15.67,100.0674,16.0,177.1
2018-04-01,2018,4,NORTHCOR,5.6046,10.0682,35.6764,37.61,0.6701,5.02,15.89,99.8839,21.0,133.7
2018-05-01,2018,5,NORTHCOR,5.6441,9.5378,37.1217,37.75,0.6742,0.0,16.34,99.7359,21.0,98.4
2018-06-01,2018,6,NORTHCOR,4.8788,9.9994,32.9334,42.35,0.6746,0.0,17.12,99.6258,19.0,150.5
2018-07-01,2018,7,NORTHCOR,5.5866,10.0087,35.8207,36.99,0.6747,0.0,17.45,99.5558,21.0,138.2
2018-08-01,2018,8,NORTHCOR,5.4322,9.5137,36.1556,33.51,0.675,2.62,17.23,99.5274,22.0,141.1
2018-09-01,2018,9,NORTHCOR,5.4654,9.7198,35.5897,36.44,0.659,0.0,17.67,99.5419,22.0,81.2
2018-10-01,2018,10,NORTHCOR,5.3631,9.3837,36.4218,38.73,0.6857,6.89,17.34,99.6,26.0,89.8
2018-11-01,2018,11,NORTHCOR,5.3637,10.0056,35.0199,39.93,0.6556,0.0,16.89,99.7019,18.0,146.1
2018-12-01,2018,12,NORTHCOR,5.3291,10.0,34.9869,32.15,0.66,0.0,16.45,99.8474,20.0,144.8
2019-01-01,2019,1,NORTHCOR,5.3559,10.2195,34.9989,37.9,0.6726,2.59,16.23,100.0358,22.0,196.3
2019-02-01,2019,2,NORTHCOR,5.334,9.7249,34.7252,34.72,0.6618,22.05,15.98,100.2658,23.0,123.8
2019-03-01,2019,3,NORTHCOR,5.4759,9.917,35.5526,35.78,0.6268,17.16,16.45,100.5359,20.0,127.7
2019-04-01,2019,4,NORTHCOR,5.1712,10.0656,34.3201,39.77,0.6535,0.0,16.67,100.8439,25.0,90.1
2019-05-01,2019,5,NORTHCOR,5.3536,9.5434,35.8973,39.8,0.6619,2.72,16.89,101.1874,20.0,83.6
2019-06-01,2019,6,NORTHCOR,5.4973,9.4877,35.9372,35.52,0.6346,4.76,17.23,101.5635,23.0,86.4
2019-07-01,2019,7,NORTHCOR,5.5106,9.5296,36.2259,37.42,0.6579,25.91,17.45,101.9689,26.0,136.2
2019-08-01,2019,8,NORTHCOR,6.0029,9.6267,38.5124,36.21,0.6531,0.84,17.12,102.4,21.0,115.6
2019-09-01,2019,9,NORTHCOR,5.2949,9.4602,35.9788,46.87,0.6607,7.47,16.98,102.8531,28.0,66.5
2019-10-01,2019,10,NORTHCOR,5.1985,9.5024,35.5771,38.98,0.6374,18.35,16.78,103.3239,20.0,103.8
2019-11-01,2019,11,NORTHCOR,5.0618,9.947,33.4755,35.95,0.6556,17.36,16.54,103.8084,23.0,156.9
2019-12-01,2019,12,NORTHCOR,5.8019,9.6452,37.6428,42.09,0.6456,12.32,16.32,104.3019,22.0,131.0
2020-01-01,2020,1,NORTHCOR,5.8259,9.749,37.103,42.31,0.6634,4.24,16.12,104.8,24.0,180.5
2020-02-01,2020,2,NORTHCOR,5.7433499999999995,9.4823,38.1484,43.52,0.6748,5.09,16.34,105.2981,23.0,182.8
2020-03-01,2020,3,NORTHCOR,5.6608,9.4485,37.4827,44.82,0.6574,23.93,14.56,105.7916,19.0,184.4
2020-04-01,2020,4,NORTHCOR,5.1478,9.8811,33.9901,40.72,0.6436,14.57,13.89,100.0986,21.0,130.1
2020-05-01,2020,5,NORTHCOR,5.6463,9.8445,36.948,37.35,0.6654,14.28,14.23,99.7469,25.0,66.0
2020-06-01,2020,6,NORTHCOR,5.3232,9.9987,34.1969,38.11,0.643,14.99,14.78,101.0225,21.0,149.9
2020-07-01,2020,7,NORTHCOR,5.5575,10.0831,35.487,38.06,0.6234,8.43,15.12,103.3854,22.0,137.7
2020-08-01,2020,8,NORTHCOR,5.6334,9.4273,37.1351,37.75,0.633,11.23,15.45,105.764,24.0,145.6
2020-09-01,2020,9,NORTHCOR,5.6822,9.8337,37.2087,42.8,0.6414,16.89,15.67,107.4652,22.0,67.4
2020-10-01,2020,10,NORTHCOR,5.707,9.2251,38.4112,39.04,0.6414,11.35,15.89,108.7561,21.0,148.2
2020-11-01,2020,11,NORTHCOR,5.4608,10.1432,34.7883,41.95,0.6171,5.2,16.12,109.0641,24.0,192.3
2020-12-01,2020,12,NORTHCOR,5.7502,9.2944,38.1315,41.47,0.615,4.34,15.98,109.3342,21.0,194.7
2021-01-01,2021,1,NORTHCOR,5.7239,9.7219,37.6538,36.58,0.6215,16.45,16.23,109.5642,29.0,129.2
2021-02-01,2021,2,NORTHCOR,5.9822,9.1936,39.1166,37.08,0.6233,81.46,16.56,109.7526,29.0,186.0
2021-03-01,2021,3,NORTHCOR,6.2692,9.4643,39.2818,38.24,0.6247,79.28,16.89,109.8981,27.0,205.5
2021-04-01,2021,4,NORTHCOR,5.5056,9.9604,35.6911,40.38,0.6183,70.56,17.23,110.0,25.0,125.7
2021-05-01,2021,5,NORTHCOR,5.5481,9.2639,37.557,41.45,0.6077,44.46,17.67,110.0581,23.0,116.2
2021-06-01,2021,6,NORTHCOR,5.7594,10.1519,36.41,38.64,0.6393,43.42,18.12,110.0726,24.0,149.2
2021-07-01,2021,7,NORTHCOR,5.8462,9.5031,38.3029,39.06,0.6045,28.56,18.45,110.0442,26.0,105.0
2021-08-01,2021,8,NORTHCOR,5.807,9.7936,37.7895,39.48,0.631,34.29,18.23,109.9742,25.0,118.7
2021-09-01,2021,9,NORTHCOR,5.1093,9.6285,34.1181,42.71,0.6207,63.38,18.67,109.8641,27.0,107.9
2021-10-01,2021,10,NORTHCOR,5.9353,9.6487,37.7008,42.8,0.6246,79.94,19.12,109.7161,29.0,148.1
2021-11-01,2021,11,NORTHCOR,5.6111,9.1005,38.3528,47.58,0.6032,82.72,19.45,109.5326,28.0,127.7
2021-12-01,2021,12,NORTHCOR,5.4809,9.3871,36.5098,38.53,0.6086,48.03,19.78,109.3165,26.0,165.1
2022-01-01,2022,1,NORTHCOR,5.3882,9.8849,34.813,53.49,0.5924,201.84,20.12,109.0711,30.0,181.5
2022-02-01,2022,2,NORTHCOR,5.2872,9.44,36.4977,45.77,0.5824,205.66,21.45,108.8,29.0,190.7
2022-03-01,2022,3,NORTHCOR,5.7137,9.5907,36.8153,43.7,0.589,231.82,22.78,108.5069,26.0,172.3
2022-04-01,2022,4,NORTHCOR,5.5905,9.1041,37.9321,46.18,0.6068,183.79,23.12,108.1961,31.0,146.0
2022-05-01,2022,5,NORTHCOR,5.2699,9.4105,35.8785,60.2,0.5594,291.11,22.89,107.8716,28.0,148.9
2022-06-01,2022,6,NORTHCOR,5.3407,9.9086,35.4417,48.88,0.5798,179.37,22.45,107.5381,30.0,71.7
2022-07-01,2022,7,NORTHCOR,5.4032,9.2112,36.3736,49.36,0.5732,201.59,21.98,107.2,29.0,101.4
2022-08-01,2022,8,NORTHCOR,5.8646,9.8091,37.5497,52.11,0.5733,262.96,21.56,106.8619,30.0,68.1
2022-09-01,2022,9,NORTHCOR,5.348,9.6603,35.3486,44.44,0.5813,179.75,21.23,106.5284,31.0,95.0
2022-10-01,2022,10,NORTHCOR,5.2182,9.5482,35.539,49.5,0.5853,232.33,20.89,106.2039,28.0,113.2
2022-11-01,2022,11,NORTHCOR,5.1861,9.5444,34.9163,50.39,0.5692,293.78,20.56,105.8931,32.0,201.1
2022-12-01,2022,12,NORTHCOR,5.3381,9.5348,36.5006,56.44,0.5691,303.87,20.23,105.6,29.0,195.5
2023-01-01,2023,1,NORTHCOR,5.035,9.5252,34.2922,44.37,0.5891,130.47,20.45,105.3289,33.0,132.2
2023-02-01,2023,2,NORTHCOR,5.2533,9.9239,33.8255,49.57,0.5666,281.59,20.78,105.0835,36.0,129.2
2023-03-01,2023,3,NORTHCOR,5.3087,9.5299,35.5238,43.78,0.5817,209.38,21.12,104.8674,33.0,172.9
2023-04-01,2023,4,NORTHCOR,5.172,10.1937,33.5759,45.85,0.5765,161.62,21.45,104.6839,31.0,112.8
2023-05-01,2023,5,NORTHCOR,5.5073,9.7547,36.4312,47.89,0.5915,189.37,21.89,104.5359,37.0,89.4
2023-06-01,2023,6,NORTHCOR,5.4178,9.5005,35.9137,47.52,0.588,309.86,22.23,104.4258,33.0,145.2
2023-07-01,2023,7,NORTHCOR,5.3458,9.9581,34.5347,48.75,0.577,207.84,21.98,104.3558,36.0,147.6
2023-08-01,2023,8,NORTHCOR,5.2371,9.8562,35.0057,46.87,0.5741,177.65,21.67,104.3274,34.0,101.4
2023-09-01,2023,9,NORTHCOR,5.8189,9.186,38.3398,51.64,0.5701,232.25,21.34,104.3419,36.0,144.3
2023-10-01,2023,10,NORTHCOR,5.3462,9.3665,36.2802,50.07,0.5551,171.97,21.12,104.4,34.0,99.8
2023-11-01,2023,11,NORTHCOR,5.3421,9.6337,35.6209,43.58,0.5793,89.36,20.89,104.5019,34.0,185.8
2023-12-01,2023,12,NORTHCOR,5.4892,9.1978,37.4443,42.42,0.5599,161.97,20.67,104.6474,40.0,162.9
2024-01-01,2024,1,NORTHCOR,5.4618,10.2724,34.473,40.37,0.5819,89.73,20.45,104.8358,31.0,131.8
2024-02-01,2024,2,NORTHCOR,5.3334,9.8928,34.7309,50.08,0.5595,137.76,20.23,105.0658,34.0,202.7
2024-03-01,2024,3,NORTHCOR,5.4918,9.6392,36.4022,45.61,0.5617,154.05,20.12,105.3359,38.0,161.0
2024-04-01,2024,4,NORTHCOR,5.5987,9.5333,36.7124,49.57,0.5446,112.73,19.98,105.6439,37.0,130.6
2024-05-01,2024,5,NORTHCOR,5.2634,9.4477,35.3435,45.26,0.5536,115.88,20.23,105.9874,37.0,98.3
2024-06-01,2024,6,NORTHCOR,5.4383,9.0355,37.9664,45.8,0.5717,96.8,20.56,106.3635,36.0,67.7
2024-07-01,2024,7,NORTHCOR,5.784,9.0915,39.039,46.12,0.5567,106.08,20.89,106.7689,39.0,74.8
2024-08-01,2024,8,NORTHCOR,5.5612,10.1472,35.9682,42.42,0.57,163.13,21.12,107.2,41.0,109.7
2024-09-01,2024,9,NORTHCOR,5.4992,10.0376,35.6454,46.59,0.5461,151.79,20.78,107.6531,38.0,126.7
2024-10-01,2024,10,NORTHCOR,5.7989,9.3919,37.7678,42.61,0.5598,177.42,20.45,108.1239,38.0,95.5
2024-11-01,2024,11,NORTHCOR,5.1805,9.8139,34.5806,44.845,0.5566,70.8,20.23,108.6084,39.0,182.2
2024-12-01,2024,12,NORTHCOR,5.8771,9.6813,37.4494,47.08,0.5601,141.51,20.12,109.1019,46.0,182.5
2015-01-01,2015,1,SOUTHCOR,0.3932,0.7527,34.6172,41.19,0.6256,9.33,10.5,100.0,14.0,105.1
2015-02-01,2015,2,SOUTHCOR,0.3965,0.8054,32.7615,43.86,0.6295,2.3,10.89,100.4981,16.0,65.0
2015-03-01,2015,3,SOUTHCOR,0.4023,0.7688,34.4845,43.21,0.642,0.0,11.02,100.9916,20.0,79.3
2015-04-01,2015,4,SOUTHCOR,0.4054,0.7836,33.7845,45.98,0.6135,0.41,10.68,101.4761,20.0,71.2
2015-05-01,2015,5,SOUTHCOR,0.4108,0.7327,36.0013,45.8,0.6312,4.26,10.98,101.9469,12.0,106.7
2015-06-01,2015,6,SOUTHCOR,0.4022,0.7978,33.6991,43.19,0.6304,1.2,11.47,102.4,16.0,67.7
2015-07-01,2015,7,SOUTHCOR,0.4159,0.7871,34.56,43.03,0.5902,2.72,12.01,102.8311,19.0,95.4
2015-08-01,2015,8,SOUTHCOR,0.4035,0.741,35.2679,42.16,0.6118,10.09,11.87,103.2365,17.0,100.2
2015-09-01,2015,9,SOUTHCOR,0.3975,0.7776,33.9667,37.24,0.6064,4.94,11.23,103.6126,14.0,74.0
2015-10-01,2015,10,SOUTHCOR,0.4432,0.7709,36.4169,41.34,0.6272,2.82,11.02,103.9561,16.0,70.4
2015-11-01,2015,11,SOUTHCOR,0.4102,0.7595,35.3535,47.77,0.626,0.0,10.85,104.2641,14.0,93.5
2015-12-01,2015,12,SOUTHCOR,0.4487,0.7015,39.4493,49.56,0.6261,0.0,10.92,104.5342,17.0,103.8
2016-01-01,2016,1,SOUTHCOR,0.4097,0.7534,34.9288,49.11,0.6181,0.0,11.14,104.7642,15.0,93.9
2016-02-01,2016,2,SOUTHCOR,0.4129,0.7755,35.311,47.67,0.6195,0.0,11.33,104.9526,15.0,61.0
2016-03-01,2016,3,SOUTHCOR,0.4209,0.7552,35.6914,41.83,0.6216,0.0,11.05,105.0981,14.0,102.2
2016-04-01,2016,4,SOUTHCOR,0.3815,0.7626,33.9829,41.3,0.6171,0.0,10.77,105.2,17.0,71.0
2016-05-01,2016,5,SOUTHCOR,0.3877,0.8027,32.4731,39.44,0.6312,0.31,11.29,105.2581,21.0,82.8
2016-06-01,2016,6,SOUTHCOR,0.4027,0.7658,34.6902,43.21,0.609,4.35,11.68,105.2726,13.0,98.7
2016-07-01,2016,7,SOUTHCOR,0.3911,0.7187,35.4661,45.3,0.6125,0.0,12.05,105.2442,10.0,58.6
2016-08-01,2016,8,SOUTHCOR,0.4142,0.7636,35.0452,42.1,0.6233,2.41,11.89,105.1742,13.0,95.8
2016-09-01,2016,9,SOUTHCOR,0.4135,0.7705,34.9507,46.5,0.6174,0.0,11.52,105.0641,14.0,84.0
2016-10-01,2016,10,SOUTHCOR,0.4365,0.7492,37.2759,47.16,0.6086,0.91,11.37,104.9161,17.0,102.5
2016-11-01,2016,11,SOUTHCOR,0.4207,0.7861,34.7546,43.76,0.6283,3.63,11.21,104.7326,19.0,57.5
2016-12-01,2016,12,SOUTHCOR,0.411,0.7352,35.7262,41.11,0.615,9.88,11.04,104.5165,17.0,73.1
2017-01-01,2017,1,SOUTHCOR,0.4211,0.7668,35.0783,49.19,0.6117,0.0,11.87,104.2711,13.0,98.8
2017-02-01,2017,2,SOUTHCOR,0.376,0.7362,34.3128,45.08,0.6197,2.62,12.34,104.0,18.0,48.0
2017-03-01,2017,3,SOUTHCOR,0.4191,0.7644,35.2558,50.69,0.6112,5.98,12.89,103.7069,13.0,53.8
2017-04-01,2017,4,SOUTHCOR,0.4156,0.7886,34.8985,45.14,0.6214,0.0,13.24,103.3961,22.0,108.6
2017-05-01,2017,5,SOUTHCOR,0.387,0.769,33.2844,45.38,0.6175,13.42,13.67,103.0716,13.0,64.3
2017-06-01,2017,6,SOUTHCOR,0.4266,0.7684,36.0704,42.03,0.6158,7.58,14.12,102.7381,16.0,107.7
2017-07-01,2017,7,SOUTHCOR,0.4134,0.775,35.0424,43.78,0.6158,0.0,13.95,102.4,14.0,58.2
2017-08-01,2017,8,SOUTHCOR,0.3947,0.777,33.6131,40.44,0.6339,2.94,13.72,102.0619,21.0,69.3
2017-09-01,2017,9,SOUTHCOR,0.4261,0.7922,34.7412,41.14,0.6264,0.0,13.45,101.7284,16.0,93.8
2017-10-01,2017,10,SOUTHCOR,0.4205,0.7931,34.4418,47.48,0.6012,0.0,13.89,101.4039,14.0,87.8
2017-11-01,2017,11,SOUTHCOR,0.396,0.8107,32.6022,44.38,0.6324,4.17,14.23,101.0931,15.0,83.1
2017-12-01,2017,12,SOUTHCOR,0.4125,0.7821,34.875,43.89,0.628,8.1,14.56,100.8,13.0,79.9
2018-01-01,2018,1,SOUTHCOR,0.4136,0.7399,35.9065,42.81,0.6274,0.0,14.78,100.5289,19.0,99.4
2018-02-01,2018,2,SOUTHCOR,0.3839,0.7994,32.0887,43.85,0.6314,0.0,15.23,100.2835,19.0,61.5
2018-03-01,2018,3,SOUTHCOR,0.4126,0.8114,33.6257,48.46,0.6196,3.82,15.67,100.0674,17.0,74.4
2018-04-01,2018,4,SOUTHCOR,0.3751,0.8379,30.8846,45.53,0.6257,4.6,15.89,99.8839,13.0,56.5
2018-05-01,2018,5,SOUTHCOR,0.3881,0.8146,31.5875,41.65,0.6116,0.0,16.34,99.7359,19.0,84.0
2018-06-01,2018,6,SOUTHCOR,0.4017,0.7694,34.2402,48.45,0.626,11.61,17.12,99.6258,14.0,62.4
2018-07-01,2018,7,SOUTHCOR,0.4054,0.7854,34.2737,50.67,0.6174,0.0,17.45,99.5558,18.0,67.6
2018-08-01,2018,8,SOUTHCOR,0.4115,0.7748,34.6471,47.2,0.5968,7.76,17.23,99.5274,12.0,76.2
2018-09-01,2018,9,SOUTHCOR,0.4192,0.7716,35.2842,48.5,0.6247,3.58,17.67,99.5419,15.0,48.5
2018-10-01,2018,10,SOUTHCOR,0.3687,0.7783,32.3,49.62,0.6095,5.19,17.34,99.6,19.0,52.5
2018-11-01,2018,11,SOUTHCOR,0.3802,0.8108,31.8158,41.02,0.6067,0.0,16.89,99.7019,18.0,89.6
2018-12-01,2018,12,SOUTHCOR,0.3861,0.7432,34.4224,51.61,0.6033,0.0,16.45,99.8474,15.0,73.6
2019-01-01,2019,1,SOUTHCOR,0.3724,0.7565,33.4558,49.42,0.6026,4.64,16.23,100.0358,18.0,100.8
2019-02-01,2019,2,SOUTHCOR,0.3885,0.8079,31.9817,47.83,0.6078,11.68,15.98,100.2658,16.0,90.1
2019-03-01,2019,3,SOUTHCOR,0.4178,0.8128,33.8432,46.04,0.5918,7.14,16.45,100.5359,11.0,47.3
2019-04-01,2019,4,SOUTHCOR,0.3783,0.7626,33.9061,42.17,0.5847,9.97,16.67,100.8439,15.0,85.3
2019-05-01,2019,5,SOUTHCOR,0.4131,0.8158,33.667,45.51,0.5888,10.47,16.89,101.1874,14.0,52.6
2019-06-01,2019,6,SOUTHCOR,0.4125,0.7992,34.0351,47.87,0.6053,2.28,17.23,101.5635,16.0,95.5
2019-07-01,2019,7,SOUTHCOR,0.396,0.7691,33.9033,43.57,0.597,15.99,17.45,101.9689,17.0,108.7
2019-08-01,2019,8,SOUTHCOR,0.405,0.7174,36.4918,46.63,0.6118,10.14,17.12,102.4,18.0,79.9
2019-09-01,2019,9,SOUTHCOR,0.3934,0.7343,34.5871,43.67,0.5957,8.76,16.98,102.8531,20.0,89.4
2019-10-01,2019,10,SOUTHCOR,0.4011,0.7568,34.9356,46.03,0.6058,16.58,16.78,103.3239,18.0,61.6
2019-11-01,2019,11,SOUTHCOR,0.3745,0.7889,32.1022,43.43,0.5854,29.65,16.54,103.8084,15.0,74.1
2019-12-01,2019,12,SOUTHCOR,0.4217,0.7878,34.6246,42.77,0.5885,0.0,16.32,104.3019,15.0,100.2
2020-01-01,2020,1,SOUTHCOR,0.3963,0.7579,34.2603,48.24,0.5923,7.5,16.12,104.8,21.0,57.2
2020-02-01,2020,2,SOUTHCOR,0.3968,0.7622,34.2205,45.37,0.5896,7.72,16.34,105.2981,16.0,63.4
2020-03-01,2020,3,SOUTHCOR,0.4116,0.7657,34.8031,46.03,0.586,29.72,14.56,105.7916,21.0,74.6
2020-04-01,2020,4,SOUTHCOR,0.3811,0.7747,33.3313,45.62,0.5773,11.03,13.89,100.0986,13.0,91.2
2020-05-01,2020,5,SOUTHCOR,0.4207,0.7844,34.6729,55.52,0.5685,1.9,14.23,99.7469,16.0,70.3
2020-06-01,2020,6,SOUTHCOR,0.3708,0.7769,32.3512,49.5,0.5933,6.99,14.78,101.0225,18.0,104.7
2020-07-01,2020,7,SOUTHCOR,0.3934,0.7329,35.1004,50.06,0.5905,22.0,15.12,103.3854,12.0,52.7
2020-08-01,2020,8,SOUTHCOR,0.4029,0.7617,34.6361,45.64,0.5761,7.08,15.45,105.764,21.0,69.9
2020-09-01,2020,9,SOUTHCOR,0.4115,0.762,35.3136,49.62,0.5869,5.9,15.67,107.4652,15.0,91.0
2020-10-01,2020,10,SOUTHCOR,0.414,0.7827,34.4546,47.4,0.5795,8.72,15.89,108.7561,16.0,60.9
2020-11-01,2020,11,SOUTHCOR,0.4139,0.7393,36.0896,45.72,0.5938,7.29,16.12,109.0641,19.0,87.8
2020-12-01,2020,12,SOUTHCOR,0.4213,0.7629,35.7869,54.23,0.5624,22.12,15.98,109.3342,17.5,57.0
2021-01-01,2021,1,SOUTHCOR,0.4493,0.7708,37.1326,50.56,0.5741,-27.78,16.23,109.5642,16.0,50.3
2021-02-01,2021,2,SOUTHCOR,0.4213,0.7537,35.2505,52.65,0.5644,92.45,16.56,109.7526,26.0,54.4
2021-03-01,2021,3,SOUTHCOR,0.4167,0.7158,36.9589,47.88,0.5686,81.72,16.89,109.8981,16.0,104.8
2021-04-01,2021,4,SOUTHCOR,0.4199,0.7802,35.2765,46.7,0.5851,65.0,17.23,110.0,17.0,81.2
2021-05-01,2021,5,SOUTHCOR,0.4038,0.7739,34.1543,49.75,0.5662,52.11,17.67,110.0581,26.0,96.5
2021-06-01,2021,6,SOUTHCOR,0.4023,0.7618,34.3866,47.79,0.5773,37.66,18.12,110.0726,18.0,67.6
2021-07-01,2021,7,SOUTHCOR,0.4163,0.7574,35.2423,51.47,0.5656,33.47,18.45,110.0442,25.0,83.8
2021-08-01,2021,8,SOUTHCOR,0.4325,0.715,37.3631,52.07,0.5782,33.13,18.23,109.9742,26.0,77.7
2021-09-01,2021,9,SOUTHCOR,0.3915,0.775,33.774,51.09,0.5708,56.04,18.67,109.8641,19.0,105.8
2021-10-01,2021,10,SOUTHCOR,0.4209,0.792,35.4321,53.88,0.5553,73.86,19.12,109.7161,20.0,93.4
2021-11-01,2021,11,SOUTHCOR,0.4024,0.7316,35.3072,51.9,0.5537,75.99,19.45,109.5326,22.0,92.4
2021-12-01,2021,12,SOUTHCOR,0.4051,0.7897,33.7547,47.81,0.5662,54.63,19.78,109.3165,22.0,49.7
2022-01-01,2022,1,SOUTHCOR,0.3955,0.7852,33.4982,54.99,0.5339,191.26,20.12,109.0711,21.0,81.1
2022-02-01,2022,2,SOUTHCOR,0.3957,0.7327,34.5551,56.63,0.5404,208.63,21.45,108.8,18.0,75.9
2022-03-01,2022,3,SOUTHCOR,0.4084,0.7509,35.0069,59.16,0.532,216.62,22.78,108.5069,25.0,104.7
2022-04-01,2022,4,SOUTHCOR,0.3933,0.7282,35.0502,56.18,0.5423,188.68,23.12,108.1961,22.0,62.9
2022-05-01,2022,5,SOUTHCOR,0.39,0.7601,34.8368,57.31,0.5231,298.86,22.89,107.8716,23.0,63.6
2022-06-01,2022,6,SOUTHCOR,0.3867,0.7729,33.7345,57.82,0.5294,-188.83,22.45,107.5381,20.0,72.5
2022-07-01,2022,7,SOUTHCOR,0.4043,0.7323,35.1592,57.4,0.5456,207.07,21.98,107.2,24.0,62.0
2022-08-01,2022,8,SOUTHCOR,0.4247,0.773,35.7495,63.0,0.5273,261.37,21.56,106.8619,27.0,54.9
2022-09-01,2022,9,SOUTHCOR,0.3976,0.7797,34.2409,55.79,0.5322,192.3,21.23,106.5284,21.0,100.3
2022-10-01,2022,10,SOUTHCOR,0.3777,0.7808,32.7229,59.17,0.5311,236.1,20.89,106.2039,27.0,81.6
2022-11-01,2022,11,SOUTHCOR,0.3659,0.7768,31.9768,62.55,0.4988,287.26,20.56,105.8931,25.0,100.5
2022-12-01,2022,12,SOUTHCOR,0.3818,0.77075,34.1682,57.88,0.5405,313.3,20.23,105.6,29.0,98.7
2023-01-01,2023,1,SOUTHCOR,0.3653,0.7647,32.1877,54.39,0.5346,125.05,20.45,105.3289,27.0,64.4
2023-02-01,2023,2,SOUTHCOR,0.3653,0.7763,31.3478,59.82,0.4901,290.53,20.78,105.0835,26.0,81.0
2023-03-01,2023,3,SOUTHCOR,0.3901,0.7726999999999999,32.3894,56.07,0.5377,205.6,21.12,104.8674,28.0,52.0
2023-04-01,2023,4,SOUTHCOR,0.4065,0.7691,34.5723,53.65,0.5189,157.26,21.45,104.6839,25.0,103.9
2023-05-01,2023,5,SOUTHCOR,0.4217,0.7793,34.8099,50.73,0.5342,197.44,21.89,104.5359,28.0,72.0
2023-06-01,2023,6,SOUTHCOR,0.4107,0.7478,35.3176,56.65,0.509,325.02,22.23,104.4258,26.0,71.4
2023-07-01,2023,7,SOUTHCOR,0.3978,0.7428,35.0316,59.46,0.4996,204.82,21.98,104.3558,28.0,65.7
2023-08-01,2023,8,SOUTHCOR,0.3946,0.7398,34.8321,56.24,0.5245,168.56,21.67,104.3274,30.0,75.5
2023-09-01,2023,9,SOUTHCOR,0.4341,0.76,36.6922,63.03,0.5148,237.34,21.34,104.3419,30.0,62.5
2023-10-01,2023,10,SOUTHCOR,0.3952,0.818,32.6725,52.12,0.5322,183.05,21.12,104.4,28.0,70.2
2023-11-01,2023,11,SOUTHCOR,0.3916,0.7601,34.1137,52.11,0.5334,87.75,20.89,104.5019,34.0,96.7
2023-12-01,2023,12,SOUTHCOR,0.3937,0.7777,33.3815,57.82,0.5038,153.38,20.67,104.6474,31.0,98.9
2024-01-01,2024,1,SOUTHCOR,0.3925,0.7817,33.0021,50.05,0.5378,89.46,20.45,104.8358,32.0,65.8
2024-02-01,2024,2,SOUTHCOR,0.4026,0.7426,35.021,52.12,0.5132,144.22,20.23,105.0658,29.0,76.1
2024-03-01,2024,3,SOUTHCOR,0.3924,0.7573,33.8977,52.99,0.5364,149.23,20.12,105.3359,32.0,101.3
2024-04-01,2024,4,SOUTHCOR,0.384,0.7814,32.8965,51.76,0.5128,141.45,19.98,105.6439,30.0,50.1
2024-05-01,2024,5,SOUTHCOR,0.4084,0.776,34.1389,54.16,0.5152,123.01,20.23,105.9874,32.0,102.3
2024-06-01,2024,6,SOUTHCOR,0.3876,0.7184,35.3115,47.02,0.5076,95.07,20.56,106.3635,33.0,60.5
2024-07-01,2024,7,SOUTHCOR,0.3807,0.7781,32.6196,57.1,0.5112,85.33,20.89,106.7689,30.0,89.1
2024-08-01,2024,8,SOUTHCOR,0.4016,0.7503,34.7518,51.99,0.4981,174.29,21.12,107.2,30.0,83.2
2024-09-01,2024,9,SOUTHCOR,0.3909,0.7498,34.261,48.14,0.5217,165.1,20.78,107.6531,25.0,81.3
2024-10-01,2024,10,SOUTHCOR,0.4311,0.7705,36.2399,55.09,0.4883,172.69,20.45,108.1239,35.0,100.4
2024-11-01,2024,11,SOUTHCOR,0.3648,0.7955,32.0025,50.18,0.5254,63.83,20.23,108.6084,30.0,53.1
2024-12-01,2024,12,SOUTHCOR,0.4181,0.754,36.2571,53.44,0.5154,139.26,20.12,109.1019,38.0,68.5
